{
  "Benign": {
    "precision": 0.9924193377652311,
    "recall": 0.44921558054028754,
    "f1-score": 0.618478677635828,
    "support": 3777507.0
  },
  "DDoS": {
    "precision": 0.987882027519405,
    "recall": 0.8813102085232896,
    "f1-score": 0.9315580269183728,
    "support": 3265007.0
  },
  "DoS": {
    "precision": 0.9863058324690115,
    "recall": 0.9335781030187805,
    "f1-score": 0.9592179100543695,
    "support": 2681977.0
  },
  "scanning": {
    "precision": 0.8764163698720485,
    "recall": 0.9362949053539407,
    "f1-score": 0.9053666662692241,
    "support": 567694.0
  },
  "Reconnaissance": {
    "precision": 0.5267019827014581,
    "recall": 0.9145880096263099,
    "f1-score": 0.6684502363707655,
    "support": 395167.0
  },
  "xss": {
    "precision": 0.48358306105597665,
    "recall": 0.9242815233335144,
    "f1-score": 0.634957215753709,
    "support": 368140.0
  },
  "password": {
    "precision": 0.5574556816567895,
    "recall": 0.49883020328467365,
    "f1-score": 0.526516040718395,
    "support": 173107.0
  },
  "injection": {
    "precision": 0.18772510014850682,
    "recall": 0.7310395101326724,
    "f1-score": 0.2987369424474719,
    "support": 102885.0
  },
  "Bot": {
    "precision": 0.800322121507229,
    "recall": 0.9995789670658682,
    "f1-score": 0.8889212464117818,
    "support": 21376.0
  },
  "Brute Force": {
    "precision": 0.10128762449788148,
    "recall": 0.994328003457217,
    "f1-score": 0.18384754447118987,
    "support": 18512.0
  },
  "Infilteration": {
    "precision": 0.00794033575106377,
    "recall": 0.494233555491162,
    "f1-score": 0.01562956752026318,
    "support": 17255.0
  },
  "Exploits": {
    "precision": 0.017283778473551444,
    "recall": 0.5760456273764258,
    "f1-score": 0.0335605986019494,
    "support": 4734.0
  },
  "Fuzzers": {
    "precision": 0.41811091854419413,
    "recall": 0.2837400764481035,
    "f1-score": 0.3380627080049045,
    "support": 3401.0
  },
  "Backdoor": {
    "precision": 0.5635858234885337,
    "recall": 0.881841246828561,
    "f1-score": 0.6876766534765404,
    "support": 2759.0
  },
  "Generic": {
    "precision": 0.983510011778563,
    "recall": 0.6725734997986307,
    "f1-score": 0.7988519492944272,
    "support": 2483.0
  },
  "mitm": {
    "precision": 0.006599618470515626,
    "recall": 0.7988115449915111,
    "f1-score": 0.013091081092360986,
    "support": 1178.0
  },
  "ransomware": {
    "precision": 0.027202575917392995,
    "recall": 0.9645669291338582,
    "f1-score": 0.05291290967010421,
    "support": 508.0
  },
  "Theft": {
    "precision": 0.019099294628323386,
    "recall": 0.9750692520775623,
    "f1-score": 0.03746474376031079,
    "support": 361.0
  },
  "Analysis": {
    "precision": 0.008079597218892351,
    "recall": 0.9911764705882353,
    "f1-score": 0.016028537455410226,
    "support": 340.0
  },
  "Shellcode": {
    "precision": 0.008854221566353957,
    "recall": 0.9824561403508771,
    "f1-score": 0.017550274223034734,
    "support": 171.0
  },
  "Worms": {
    "precision": 0.0,
    "recall": 0.0,
    "f1-score": 0.0,
    "support": 20.0
  },
  "accuracy": 0.748067048840545,
  "macro avg": {
    "precision": 0.4076364435729011,
    "recall": 0.7563599694010228,
    "f1-score": 0.4108037871500197,
    "support": 11404582.0
  },
  "weighted avg": {
    "precision": 0.9332851460928162,
    "recall": 0.748067048840545,
    "f1-score": 0.7989887576761824,
    "support": 11404582.0
  },
  "model_info": {
    "status": "SUCCESS",
    "best_val_accuracy": 0.7481962049557979,
    "test_accuracy": 0.748067048840545
  }
}