{
  "model_type": "gru",
  "train_losses": [
    0,
    0,
    0,
    0,
    0,
    0,
    0,
    0,
    0,
    0
  ],
  "train_accuracies": [
    0,
    0,
    0,
    0,
    0,
    0,
    0,
    0,
    0,
    0
  ],
  "val_losses": [
    1.0431634849849263,
    0.8505995109719939,
    0.8464155791967354,
    0.8031857829326666,
    0.7493724434878934,
    0.6906466311065873,
    0.6711004181081247,
    0.6801160366340279,
    0.7837441682565561,
    0.6445085939861988
  ],
  "val_accuracies": [
    0.6112510725985222,
    0.6106383346514409,
    0.6524628985549721,
    0.6789254034764871,
    0.6602609826674045,
    0.7221690133602846,
    0.7330564971062326,
    0.7158999223350484,
    0.6787887812534303,
    0.7481962049557979
  ]
}