{
  "model_type": "rnn",
  "train_losses": [
    0
  ],
  "train_accuracies": [
    0
  ],
  "val_losses": [
    2.843693349286665
  ],
  "val_accuracies": [
    0.005168723967815064
  ]
}