{
  "Benign": {
    "precision": 0.9903289479481509,
    "recall": 0.45607111406901196,
    "f1-score": 0.6245304303369787,
    "support": 1971368.0
  },
  "DDoS": {
    "precision": 0.9855828639379551,
    "recall": 0.8964425124671156,
    "f1-score": 0.9389016639942638,
    "support": 1700273.0
  },
  "DoS": {
    "precision": 0.9763288562689331,
    "recall": 0.9347879256060351,
    "f1-score": 0.9551069143619274,
    "support": 1418771.0
  },
  "scanning": {
    "precision": 0.8185395619051099,
    "recall": 0.7561107323428355,
    "f1-score": 0.7860876155987978,
    "support": 296282.0
  },
  "Reconnaissance": {
    "precision": 0.4687656538568573,
    "recall": 0.8953711444324711,
    "f1-score": 0.6153623895943449,
    "support": 206941.0
  },
  "xss": {
    "precision": 0.5112602569309729,
    "recall": 0.9325375856102287,
    "f1-score": 0.660437897285844,
    "support": 193026.0
  },
  "password": {
    "precision": 0.6279518328127903,
    "recall": 0.7818303994359866,
    "f1-score": 0.69649314772744,
    "support": 90778.0
  },
  "injection": {
    "precision": 0.22647763236677787,
    "recall": 0.7820998024627541,
    "f1-score": 0.35124345522607714,
    "support": 54167.0
  },
  "Bot": {
    "precision": 0.7831333656980373,
    "recall": 0.9995574046206958,
    "f1-score": 0.8782081194587028,
    "support": 11297.0
  },
  "Brute Force": {
    "precision": 0.8585445625511039,
    "recall": 0.9744277170550629,
    "f1-score": 0.9128229896160348,
    "support": 9698.0
  },
  "Infilteration": {
    "precision": 0.008378335920594997,
    "recall": 0.5464962538563244,
    "f1-score": 0.016503654261752616,
    "support": 9076.0
  },
  "Exploits": {
    "precision": 0.020708910654562828,
    "recall": 0.564969450101833,
    "f1-score": 0.03995333496564935,
    "support": 2455.0
  },
  "Fuzzers": {
    "precision": 0.19486343253159397,
    "recall": 0.27871720116618076,
    "f1-score": 0.22936660268714013,
    "support": 1715.0
  },
  "Backdoor": {
    "precision": 0.5237698081734778,
    "recall": 0.8722222222222222,
    "f1-score": 0.6545075560187598,
    "support": 1440.0
  },
  "Generic": {
    "precision": 0.8572884811416922,
    "recall": 0.6642969984202212,
    "f1-score": 0.7485536270583,
    "support": 1266.0
  },
  "mitm": {
    "precision": 0.0070343017578125,
    "recall": 0.7657807308970099,
    "f1-score": 0.013940548550001512,
    "support": 602.0
  },
  "ransomware": {
    "precision": 0.006448909272926222,
    "recall": 0.9651567944250871,
    "f1-score": 0.012812210915818686,
    "support": 287.0
  },
  "Theft": {
    "precision": 0.01585711901185111,
    "recall": 0.9644670050761421,
    "f1-score": 0.031201248049921998,
    "support": 197.0
  },
  "Analysis": {
    "precision": 0.016233766233766232,
    "recall": 0.9776536312849162,
    "f1-score": 0.031937220549320196,
    "support": 179.0
  },
  "Shellcode": {
    "precision": 0.010327795240233499,
    "recall": 0.9787234042553191,
    "f1-score": 0.02043990224394579,
    "support": 94.0
  },
  "Worms": {
    "precision": 0.0005310674455655868,
    "recall": 0.375,
    "f1-score": 0.0010606328442637441,
    "support": 8.0
  },
  "accuracy": 0.7509388735527445,
  "macro avg": {
    "precision": 0.4242074029362269,
    "recall": 0.7791771442765454,
    "f1-score": 0.43902243625453724,
    "support": 5969920.0
  },
  "weighted avg": {
    "precision": 0.9280225629720591,
    "recall": 0.7509388735527445,
    "f1-score": 0.7996687465536592,
    "support": 5969920.0
  },
  "model_info": {
    "status": "SUCCESS",
    "best_val_accuracy": 0.7505359811778977,
    "test_accuracy": 0.7509388735527445
  }
}