{
  "model_type": "gru",
  "train_losses": [
    0,
    0,
    0,
    0,
    0,
    0,
    0,
    0,
    0,
    0,
    0,
    0,
    0,
    0,
    0,
    0,
    0,
    0,
    0,
    0,
    0,
    0,
    0,
    0,
    0,
    0,
    0,
    0,
    0,
    0,
    0,
    0,
    0,
    0,
    0,
    0,
    0,
    0,
    0,
    0,
    0,
    0,
    0,
    0,
    0,
    0,
    0,
    0,
    0,
    0,
    0,
    0,
    0,
    0,
    0,
    0,
    0,
    0,
    0,
    0,
    0,
    0,
    0,
    0,
    0,
    0,
    0,
    0,
    0,
    0,
    0,
    0,
    0,
    0,
    0,
    0,
    0,
    0,
    0,
    0,
    0,
    0,
    0,
    0,
    0,
    0,
    0,
    0,
    0,
    0,
    0,
    0,
    0,
    0,
    0,
    0,
    0,
    0,
    0,
    0
  ],
  "train_accuracies": [
    0,
    0,
    0,
    0,
    0,
    0,
    0,
    0,
    0,
    0,
    0,
    0,
    0,
    0,
    0,
    0,
    0,
    0,
    0,
    0,
    0,
    0,
    0,
    0,
    0,
    0,
    0,
    0,
    0,
    0,
    0,
    0,
    0,
    0,
    0,
    0,
    0,
    0,
    0,
    0,
    0,
    0,
    0,
    0,
    0,
    0,
    0,
    0,
    0,
    0,
    0,
    0,
    0,
    0,
    0,
    0,
    0,
    0,
    0,
    0,
    0,
    0,
    0,
    0,
    0,
    0,
    0,
    0,
    0,
    0,
    0,
    0,
    0,
    0,
    0,
    0,
    0,
    0,
    0,
    0,
    0,
    0,
    0,
    0,
    0,
    0,
    0,
    0,
    0,
    0,
    0,
    0,
    0,
    0,
    0,
    0,
    0,
    0,
    0,
    0
  ],
  "val_losses": [
    0.9137285087456296,
    0.823030462920132,
    0.8369279792477988,
    0.793329598934299,
    0.763968636470279,
    0.8125552366272214,
    0.87762669996051,
    0.730296227027463,
    1.0233745367268026,
    0.9478480799463993,
    0.9830629052714701,
    1.0399041444841588,
    0.8916666684258168,
    0.9885456805708126,
    1.03563053464917,
    0.9212620829990565,
    0.9875674145627407,
    0.8071381310377408,
    0.8631500175197853,
    0.8524575367056032,
    0.9462536388851828,
    0.9294907223964654,
    0.8835925584737854,
    0.9549969830333905,
    0.7188262539590001,
    0.8140906029567738,
    1.0849391366571075,
    0.7435598591450585,
    0.9150454263439813,
    0.6909689675474586,
    0.8289970355975947,
    0.7054434118582436,
    0.6936436588995172,
    0.8710697728459899,
    1.136639228493473,
    0.8099913070429483,
    1.064298763643707,
    0.9263975015534244,
    0.884501082534973,
    0.7541530410921835,
    0.7499012591134538,
    0.7606691662801932,
    1.191920621006789,
    0.7949220205519069,
    0.8399332436315551,
    0.6858174832697902,
    0.8646253537063276,
    0.9194340668478567,
    0.9438830724141196,
    0.9570274721313837,
    0.6475550671875596,
    0.6855166669466617,
    0.8938948279357957,
    0.6932504459734036,
    0.7662501154360817,
    0.7565347040019128,
    0.8248229921245199,
    0.8485205012853878,
    0.9411651031670941,
    0.7829111692217839,
    0.7457157272235386,
    0.8804002636180128,
    1.0931685966731766,
    1.068169990324361,
    0.8152975788506196,
    0.7337703928738708,
    0.8805126536166586,
    1.009703885538856,
    0.8093565208512593,
    0.6230585843528739,
    0.6888611781219552,
    0.6416160860574608,
    0.6993604951998403,
    0.9112282520794288,
    0.8801800882766422,
    0.7107280111178398,
    0.8079064698732693,
    0.8656118322110472,
    0.7936280475141994,
    0.8127384381798247,
    0.6626968298617012,
    0.8722696157285217,
    0.8794628521349862,
    0.8157582084329729,
    0.7400556107539081,
    0.8727925975856116,
    1.350989926981966,
    0.8084390493763032,
    0.9549411942680585,
    0.6702830793749468,
    0.8473632196168728,
    0.9586199838018432,
    1.112412841745194,
    0.7396001957499627,
    0.8571541636690971,
    0.9992573992416813,
    0.8364832556224011,
    0.6925455881609983,
    1.0052422618555186,
    0.8152070096485293
  ],
  "val_accuracies": [
    0.5979974885027178,
    0.6704823782340178,
    0.6840419364414465,
    0.6752926738460753,
    0.7128027132102984,
    0.6273351146578096,
    0.7026898607971349,
    0.6882160656327193,
    0.6723351580926203,
    0.6639875139397224,
    0.6778158414915462,
    0.6885112468519634,
    0.6462825198402757,
    0.6491247359141566,
    0.6110339862916228,
    0.6445669764343775,
    0.6311321945925152,
    0.705126158821009,
    0.6677547598629706,
    0.6719925934434144,
    0.6563543943612314,
    0.6998884471212767,
    0.6568622745327489,
    0.626247313951814,
    0.7474253467479919,
    0.6366091048664625,
    0.6840966028800877,
    0.7097485001608843,
    0.6871841598246603,
    0.730986718687823,
    0.682565679356856,
    0.7324680651037798,
    0.7505359811778977,
    0.7274130428506784,
    0.7030949013762167,
    0.6604616602680025,
    0.6552917770707897,
    0.638652822398393,
    0.6099689998296829,
    0.6751856223931985,
    0.6913402131148735,
    0.693840303275011,
    0.5768016518214673,
    0.6866050290140149,
    0.6317689752429476,
    0.7209543303585022,
    0.6469193882378006,
    0.6976915231658027,
    0.586252276927367,
    0.677857170372124,
    0.749910081166938,
    0.7072859657563462,
    0.6390875214947471,
    0.721914108056508,
    0.7021536383147329,
    0.7153001709576604,
    0.6966352236660226,
    0.5827198422237079,
    0.6340022264947257,
    0.6999794408562221,
    0.7239901165184867,
    0.6799569582961761,
    0.6984537821585416,
    0.7176231874850885,
    0.6724496680483616,
    0.7017705345087817,
    0.678484474336564,
    0.5840662336113659,
    0.7115614428394819,
    0.7387898921316217,
    0.7217506352231395,
    0.7005761210853718,
    0.7304039902463841,
    0.6662273462234397,
    0.6335299716427721,
    0.665873900934761,
    0.731620428190017,
    0.6915607215583813,
    0.6564196781980678,
    0.6472959110118126,
    0.7355356157112574,
    0.6509196904387873,
    0.6335751613954209,
    0.6867145373854824,
    0.6689269732719724,
    0.6438594716273724,
    0.6374643757772747,
    0.6904597587885075,
    0.6918019383157243,
    0.7363435031921076,
    0.6687890348425277,
    0.5912679884830186,
    0.6851541308391632,
    0.7325868746670546,
    0.6760608996411056,
    0.636987382582325,
    0.661916068326555,
    0.686424006762142,
    0.6391126171632084,
    0.6830698741504875
  ]
}