{
  "Benign": {
    "precision": 0.9984599371946493,
    "recall": 0.8619699110172893,
    "f1-score": 0.9252081437471718,
    "support": 3775003.0
  },
  "DDoS": {
    "precision": 0.9943505310400265,
    "recall": 0.9686320211072877,
    "f1-score": 0.9813227973084137,
    "support": 3266739.0
  },
  "DoS": {
    "precision": 0.9869932210431708,
    "recall": 0.9546299889398716,
    "f1-score": 0.9705418876779902,
    "support": 2682609.0
  },
  "scanning": {
    "precision": 0.9222538212514855,
    "recall": 0.9921004930138735,
    "f1-score": 0.9559029526868439,
    "support": 567124.0
  },
  "Reconnaissance": {
    "precision": 0.9551234125424243,
    "recall": 0.9411377519892052,
    "f1-score": 0.9480790074340436,
    "support": 395007.0
  },
  "xss": {
    "precision": 0.9368647155843658,
    "recall": 0.6632830405926505,
    "f1-score": 0.7766863713403523,
    "support": 368244.0
  },
  "password": {
    "precision": 0.8985744771660265,
    "recall": 0.9113165731698871,
    "f1-score": 0.9049006713601705,
    "support": 173268.0
  },
  "injection": {
    "precision": 0.47052539470364346,
    "recall": 0.8491145470045726,
    "f1-score": 0.605513587078545,
    "support": 103224.0
  },
  "Bot": {
    "precision": 0.9909462345621692,
    "recall": 1.0,
    "f1-score": 0.9954525314241739,
    "support": 21343.0
  },
  "Brute Force": {
    "precision": 0.9827679052234787,
    "recall": 0.9766147589233157,
    "f1-score": 0.9796816705585527,
    "support": 18687.0
  },
  "Infilteration": {
    "precision": 0.03457436946654132,
    "recall": 0.9074307304785895,
    "f1-score": 0.06661077597708902,
    "support": 17468.0
  },
  "Exploits": {
    "precision": 0.5299697009616652,
    "recall": 0.8451680672268908,
    "f1-score": 0.6514452271071168,
    "support": 4760.0
  },
  "Fuzzers": {
    "precision": 0.41579288025889966,
    "recall": 0.963985594237695,
    "f1-score": 0.5809894184679388,
    "support": 3332.0
  },
  "Backdoor": {
    "precision": 0.5618602581219404,
    "recall": 0.8925415341109932,
    "f1-score": 0.6896080841185307,
    "support": 2829.0
  },
  "Generic": {
    "precision": 0.76657824933687,
    "recall": 0.8203568532035685,
    "f1-score": 0.7925563173359451,
    "support": 2466.0
  },
  "mitm": {
    "precision": 0.005036234144776133,
    "recall": 0.9809027777777778,
    "f1-score": 0.010021017532346603,
    "support": 1152.0
  },
  "accuracy": 0.9183048173525893,
  "macro avg": {
    "precision": 0.7156669589126332,
    "recall": 0.9080740401745917,
    "f1-score": 0.7396575288222016,
    "support": 11403255.0
  },
  "weighted avg": {
    "precision": 0.9788673067454275,
    "recall": 0.9183048173525893,
    "f1-score": 0.9447794618780327,
    "support": 11403255.0
  },
  "model_info": {
    "status": "SUCCESS",
    "best_val_accuracy": 0.9198497200899777,
    "test_accuracy": 0.9183048173525893
  }
}