{
  "model_type": "lstm",
  "train_losses": [
    0,
    0,
    0,
    0,
    0,
    0,
    0,
    0,
    0,
    0,
    0,
    0,
    0,
    0,
    0,
    0,
    0,
    0,
    0,
    0,
    0,
    0,
    0,
    0,
    0,
    0,
    0,
    0,
    0,
    0,
    0,
    0,
    0,
    0,
    0
  ],
  "train_accuracies": [
    0,
    0,
    0,
    0,
    0,
    0,
    0,
    0,
    0,
    0,
    0,
    0,
    0,
    0,
    0,
    0,
    0,
    0,
    0,
    0,
    0,
    0,
    0,
    0,
    0,
    0,
    0,
    0,
    0,
    0,
    0,
    0,
    0,
    0,
    0
  ],
  "val_losses": [
    0.4872434707546115,
    0.355697852612837,
    0.2775170500226462,
    0.28324334883751323,
    0.31916920302624835,
    0.2740126838758347,
    0.23958588874867615,
    0.2718231507963912,
    0.27391030243222997,
    0.2974902011853857,
    0.2693282216447281,
    0.27356665691059207,
    0.277158972567687,
    0.2723881115608497,
    0.3422348204460546,
    0.29782946999633003,
    0.26087710024119576,
    0.4232563866644418,
    0.3325520298457555,
    0.24001947900641063,
    0.2672811990555905,
    0.3027059294017144,
    0.25857188910341344,
    0.32543271253110695,
    0.26335532977535836,
    0.3037670677281843,
    0.28667050512212555,
    0.2805613303185254,
    0.26794752186870335,
    0.25677493487566005,
    0.3427604421488359,
    0.27131283124472744,
    0.2689819784374973,
    0.37352231024945404,
    0.36486306078076974
  ],
  "val_accuracies": [
    0.787549640118193,
    0.8392731229074101,
    0.899446603673858,
    0.8921737608826962,
    0.9059166571671103,
    0.8939266813271367,
    0.9134415343771174,
    0.891195723418201,
    0.9017658995149653,
    0.8788426144218272,
    0.9171981811048077,
    0.9060143292799845,
    0.9036857313328891,
    0.8942002158966147,
    0.9041339875346515,
    0.9135887884700221,
    0.9099880836512064,
    0.9122964977834223,
    0.9198497200899777,
    0.9164247899720489,
    0.9038573815150831,
    0.8813934975997495,
    0.9123483614120913,
    0.8829395778195319,
    0.8956442362176794,
    0.9018447919044298,
    0.8949729049836384,
    0.9072049110907342,
    0.9020783976227328,
    0.9062603085543659,
    0.911009121416967,
    0.9011451155738404,
    0.9191830399089306,
    0.8712953595040187,
    0.9095341233278478
  ]
}