{
  "Benign": {
    "precision": 0.9935747371544466,
    "recall": 0.48930683649295686,
    "f1-score": 0.655700252934645,
    "support": 3777507.0
  },
  "DDoS": {
    "precision": 0.9872559559335288,
    "recall": 0.9636147793863842,
    "f1-score": 0.9752921225903538,
    "support": 3265007.0
  },
  "DoS": {
    "precision": 0.9855410242414112,
    "recall": 0.9431587220919493,
    "f1-score": 0.9638842072332183,
    "support": 2681977.0
  },
  "scanning": {
    "precision": 0.880540404215232,
    "recall": 0.9409752437052356,
    "f1-score": 0.9097552605651973,
    "support": 567694.0
  },
  "Reconnaissance": {
    "precision": 0.543667149465875,
    "recall": 0.9109262666163925,
    "f1-score": 0.6809334914752789,
    "support": 395167.0
  },
  "xss": {
    "precision": 0.7155540627255955,
    "recall": 0.38771391318520126,
    "f1-score": 0.5029245329556106,
    "support": 368140.0
  },
  "password": {
    "precision": 0.7138206774000827,
    "recall": 0.5383664438757532,
    "f1-score": 0.6138013929823983,
    "support": 173107.0
  },
  "injection": {
    "precision": 0.36318216592087327,
    "recall": 0.8259415852651019,
    "f1-score": 0.5045181438206516,
    "support": 102885.0
  },
  "Bot": {
    "precision": 0.8021623244988363,
    "recall": 0.999625748502994,
    "f1-score": 0.8900737284958554,
    "support": 21376.0
  },
  "Brute Force": {
    "precision": 0.9525416578780848,
    "recall": 0.975799481417459,
    "f1-score": 0.9640303127334827,
    "support": 18512.0
  },
  "Infilteration": {
    "precision": 0.006952679723538416,
    "recall": 0.6170385395537525,
    "f1-score": 0.013750422153587063,
    "support": 17255.0
  },
  "Exploits": {
    "precision": 0.12104470115519839,
    "recall": 0.6618081960287283,
    "f1-score": 0.20465754319495705,
    "support": 4734.0
  },
  "Fuzzers": {
    "precision": 0.25194155587732,
    "recall": 0.5627756542193473,
    "f1-score": 0.348063284233497,
    "support": 3401.0
  },
  "Backdoor": {
    "precision": 0.673852957435047,
    "recall": 0.883653497644074,
    "f1-score": 0.7646228634153991,
    "support": 2759.0
  },
  "Generic": {
    "precision": 0.7195744680851064,
    "recall": 0.6810310108739428,
    "f1-score": 0.6997723980964204,
    "support": 2483.0
  },
  "mitm": {
    "precision": 0.0018365723554917802,
    "recall": 0.399830220713073,
    "f1-score": 0.003656349705396027,
    "support": 1178.0
  },
  "ransomware": {
    "precision": 0.011556669451406293,
    "recall": 0.9803149606299213,
    "f1-score": 0.022844036697247706,
    "support": 508.0
  },
  "Theft": {
    "precision": 0.010896560288091394,
    "recall": 0.9722991689750693,
    "f1-score": 0.021551591809167103,
    "support": 361.0
  },
  "Analysis": {
    "precision": 0.07464543418760886,
    "recall": 0.8823529411764706,
    "f1-score": 0.13764624913971094,
    "support": 340.0
  },
  "Shellcode": {
    "precision": 0.03561643835616438,
    "recall": 0.45614035087719296,
    "f1-score": 0.06607369758576874,
    "support": 171.0
  },
  "Worms": {
    "precision": 0.002733734281027884,
    "recall": 0.5,
    "f1-score": 0.005437737901033171,
    "support": 20.0
  },
  "accuracy": 0.7716302973664445,
  "macro avg": {
    "precision": 0.4689758062204747,
    "recall": 0.7415558838681429,
    "f1-score": 0.47376141046280373,
    "support": 11404582.0
  },
  "weighted avg": {
    "precision": 0.9468935743650834,
    "recall": 0.7716302973664445,
    "f1-score": 0.8258441018542864,
    "support": 11404582.0
  },
  "model_info": {
    "status": "SUCCESS",
    "best_val_accuracy": 0.7718361491521569,
    "test_accuracy": 0.7716302973664445
  }
}