{
  "model_type": "gru",
  "train_losses": [
    0,
    0,
    0,
    0,
    0,
    0,
    0,
    0,
    0,
    0
  ],
  "train_accuracies": [
    0,
    0,
    0,
    0,
    0,
    0,
    0,
    0,
    0,
    0
  ],
  "val_losses": [
    0.6927710778588296,
    0.6346685292363756,
    0.6536771552335826,
    0.5652899368468935,
    0.5721161895352075,
    0.5638834857580367,
    0.6198147907725923,
    0.5612819183951319,
    0.5169648470398963,
    0.5294053801137861
  ],
  "val_accuracies": [
    0.738711797219277,
    0.757156411561592,
    0.743207168516273,
    0.7718361491521569,
    0.7692145292688763,
    0.7671522971004237,
    0.7557548272527377,
    0.7641278303153745,
    0.7672777754427301,
    0.7592619907937506
  ]
}