{
  "Benign": {
    "precision": 0.9976040142107159,
    "recall": 0.8987332387145974,
    "f1-score": 0.9455911761087905,
    "support": 3682146.0
  },
  "DDoS": {
    "precision": 0.9940150732435861,
    "recall": 0.9800736914101283,
    "f1-score": 0.9869951540117717,
    "support": 3172690.0
  },
  "DoS": {
    "precision": 0.9865559791972434,
    "recall": 0.9491365245805022,
    "f1-score": 0.9674845685168801,
    "support": 2606212.0
  },
  "scanning": {
    "precision": 0.9148556850482278,
    "recall": 0.9899629020454594,
    "f1-score": 0.9509285504242987,
    "support": 552052.0
  },
  "Reconnaissance": {
    "precision": 0.9424023918396061,
    "recall": 0.9418567381459501,
    "f1-score": 0.9421294859861413,
    "support": 386872.0
  },
  "xss": {
    "precision": 0.9172618816736577,
    "recall": 0.9204009974895956,
    "f1-score": 0.9188287584456529,
    "support": 359703.0
  },
  "password": {
    "precision": 0.9045569944566079,
    "recall": 0.9180603983216122,
    "f1-score": 0.9112586743941856,
    "support": 169210.0
  },
  "injection": {
    "precision": 0.5609063343611264,
    "recall": 0.8679925161111496,
    "f1-score": 0.6814513151912458,
    "support": 101017.0
  },
  "Bot": {
    "precision": 0.9916908029058449,
    "recall": 1.0,
    "f1-score": 0.995828068753427,
    "support": 20886.0
  },
  "Brute Force": {
    "precision": 0.8716888232397834,
    "recall": 0.9748361874346126,
    "f1-score": 0.920381586129812,
    "support": 18161.0
  },
  "Infilteration": {
    "precision": 0.04727531614250277,
    "recall": 0.8672327964860908,
    "f1-score": 0.08966285603565201,
    "support": 17075.0
  },
  "Exploits": {
    "precision": 0.44072164948453607,
    "recall": 0.8511144773858472,
    "f1-score": 0.5807308970099668,
    "support": 4621.0
  },
  "Fuzzers": {
    "precision": 0.41367209432902863,
    "recall": 0.909848718740352,
    "f1-score": 0.5687542217504583,
    "support": 3239.0
  },
  "Backdoor": {
    "precision": 0.40831946755407655,
    "recall": 0.8900979325353645,
    "f1-score": 0.5598266225618798,
    "support": 2757.0
  },
  "Generic": {
    "precision": 0.4916685688199041,
    "recall": 0.8978741142142559,
    "f1-score": 0.6353982300884956,
    "support": 2399.0
  },
  "mitm": {
    "precision": 0.011152774801799872,
    "recall": 0.9294642857142857,
    "f1-score": 0.022041075587550286,
    "support": 1120.0
  },
  "accuracy": 0.9408244565844096,
  "macro avg": {
    "precision": 0.6808967407067654,
    "recall": 0.9241678449581128,
    "f1-score": 0.729830702562263,
    "support": 11100160.0
  },
  "weighted avg": {
    "precision": 0.9775123952078413,
    "recall": 0.9408244565844096,
    "f1-score": 0.9571349114412432,
    "support": 11100160.0
  },
  "model_info": {
    "status": "SUCCESS",
    "best_val_accuracy": 0.940891873636331,
    "test_accuracy": 0.9408244565844096
  }
}