{
  "model_type": "rnn",
  "train_losses": [
    0,
    0,
    0,
    0,
    0,
    0,
    0,
    0,
    0,
    0,
    0,
    0,
    0,
    0,
    0,
    0,
    0,
    0,
    0,
    0,
    0,
    0,
    0,
    0,
    0,
    0,
    0,
    0,
    0,
    0,
    0,
    0,
    0,
    0,
    0,
    0,
    0,
    0,
    0,
    0,
    0,
    0,
    0,
    0,
    0,
    0,
    0,
    0,
    0,
    0,
    0,
    0,
    0,
    0,
    0,
    0,
    0,
    0,
    0,
    0,
    0,
    0,
    0,
    0,
    0,
    0,
    0,
    0,
    0,
    0,
    0,
    0,
    0,
    0,
    0,
    0,
    0,
    0,
    0,
    0,
    0,
    0,
    0,
    0,
    0,
    0,
    0,
    0,
    0,
    0,
    0,
    0,
    0,
    0,
    0,
    0,
    0,
    0,
    0,
    0
  ],
  "train_accuracies": [
    0,
    0,
    0,
    0,
    0,
    0,
    0,
    0,
    0,
    0,
    0,
    0,
    0,
    0,
    0,
    0,
    0,
    0,
    0,
    0,
    0,
    0,
    0,
    0,
    0,
    0,
    0,
    0,
    0,
    0,
    0,
    0,
    0,
    0,
    0,
    0,
    0,
    0,
    0,
    0,
    0,
    0,
    0,
    0,
    0,
    0,
    0,
    0,
    0,
    0,
    0,
    0,
    0,
    0,
    0,
    0,
    0,
    0,
    0,
    0,
    0,
    0,
    0,
    0,
    0,
    0,
    0,
    0,
    0,
    0,
    0,
    0,
    0,
    0,
    0,
    0,
    0,
    0,
    0,
    0,
    0,
    0,
    0,
    0,
    0,
    0,
    0,
    0,
    0,
    0,
    0,
    0,
    0,
    0,
    0,
    0,
    0,
    0,
    0,
    0
  ],
  "val_losses": [
    0.4301249696105603,
    0.35185374784662493,
    0.3131773564364563,
    0.3081054778328665,
    0.28455131827663144,
    0.279369526732031,
    0.24654903635409753,
    0.24132390710295973,
    0.23320860059845042,
    0.23882096809885722,
    0.22124947584559795,
    0.21894095700838495,
    0.2152461444057511,
    0.21055241996116886,
    0.21683281909097524,
    0.2147320275474655,
    0.22696988894103673,
    0.21528822209161771,
    0.20730267640501762,
    0.20410084583110366,
    0.2153732815157437,
    0.2026628146510568,
    0.22273173439788863,
    0.2066207808917987,
    0.2147091972393845,
    0.20658717948042352,
    0.20636933580358613,
    0.21652315415766232,
    0.20425405654708992,
    0.2074021411226291,
    0.20584842427780195,
    0.20327683041343306,
    0.202185639876742,
    0.2105943973480827,
    0.2047266221984123,
    0.201537815129954,
    0.2108692796518311,
    0.18914276916514394,
    0.20773237482279955,
    0.2140542528576694,
    0.19625308625030968,
    0.21260089697735132,
    0.20965752610319016,
    0.20592105083079434,
    0.2042154593504794,
    0.2076066883402723,
    0.20358039290207713,
    0.19896718208429892,
    0.2077456977993016,
    0.20492534396927026,
    0.20524042591608438,
    0.21157704753936923,
    0.20593316884519358,
    0.2061322060869869,
    0.2047382122542048,
    0.20540154485960485,
    0.2073368160343461,
    0.20904978322900933,
    0.20702491857835081,
    0.20442308221646732,
    0.20287290389116167,
    0.1998842942317051,
    0.2041983779193259,
    0.20476232375050776,
    0.19932793215349862,
    0.2160821158457811,
    0.20371108316278297,
    0.20482996911899065,
    0.20599932869472554,
    0.19730402677200704,
    0.2073592283860691,
    0.20109286828120815,
    0.2014618598483657,
    0.19880182486506698,
    0.1957835811928213,
    0.19387631965708768,
    0.20229083478552737,
    0.19959418211479243,
    0.19716925664579535,
    0.20426362153390332,
    0.1954403174300937,
    0.21722951915140779,
    0.20113058600871725,
    0.20932823641782203,
    0.21111947192448105,
    0.20519499347305795,
    0.19586274167372084,
    0.1868071582603085,
    0.20544195428831713,
    0.19387029865648628,
    0.20209043667992685,
    0.1966465968291853,
    0.2002445848229189,
    0.20446171758240544,
    0.2079732589839606,
    0.20252054380242163,
    0.20174872358254264,
    0.208693046178859,
    0.18907162785527862,
    0.19514358697663062
  ],
  "val_accuracies": [
    0.8384250516595966,
    0.8680068895258198,
    0.8900403316499154,
    0.8942089914683015,
    0.901736238082664,
    0.9040305235444639,
    0.9180239624005365,
    0.9192597384054734,
    0.9207382467232673,
    0.9193999720410286,
    0.9273872341232138,
    0.9280455775111583,
    0.927716493572903,
    0.9310741150559938,
    0.9287349864228742,
    0.9282523299800997,
    0.9266286737066057,
    0.9283422795898895,
    0.9313601986929839,
    0.9317361441840469,
    0.9267831237682936,
    0.9315654593147384,
    0.924552461201223,
    0.9318508409059936,
    0.930881666768902,
    0.9315360611495876,
    0.931875149239566,
    0.9279110479971996,
    0.9322802296286292,
    0.9325078679581851,
    0.9338020892705561,
    0.932404842746582,
    0.9342331453518122,
    0.9326815365218671,
    0.9334816931482706,
    0.9341792633416552,
    0.9293924522536502,
    0.9394145938985732,
    0.9312559449013446,
    0.9296084190728626,
    0.9356515410035515,
    0.9293402376021136,
    0.931128611356169,
    0.9339106430923219,
    0.933086792422364,
    0.9325726316772338,
    0.9344559571169404,
    0.9361071686855308,
    0.9320114338678622,
    0.93260580333821,
    0.9345975948439655,
    0.9313615150287369,
    0.9336611535892658,
    0.9318924371157891,
    0.9323257748456838,
    0.9349910037226853,
    0.9325103251182574,
    0.9326780262931924,
    0.9333480411914804,
    0.9326299361603486,
    0.9342618414712281,
    0.9357979175392875,
    0.9342490291365654,
    0.9338865980259,
    0.9343847872305603,
    0.9289429674718517,
    0.9314587483630268,
    0.9347413387081955,
    0.9329443648938871,
    0.9336056919762052,
    0.9340501746821422,
    0.9346860526065686,
    0.934312476519861,
    0.9354907725302491,
    0.9369178559979584,
    0.9384348013197407,
    0.9340254275699854,
    0.9362172143544835,
    0.9369132927006814,
    0.9334107865290411,
    0.9374307004073357,
    0.9287304231255972,
    0.9348582293230638,
    0.9327771024975364,
    0.9304496453747604,
    0.932829317149073,
    0.9394476778038324,
    0.940891873636331,
    0.9354031045690979,
    0.9390329442859138,
    0.9341680306098961,
    0.9351513334174033,
    0.9346481421368815,
    0.9336323697141331,
    0.9314325971594001,
    0.9352337360355425,
    0.9338233261540382,
    0.9342943988421861,
    0.9397293736549791,
    0.9369064477547656
  ]
}