{
  "model_type": "gru",
  "train_losses": [
    0,
    0,
    0,
    0,
    0,
    0,
    0,
    0,
    0,
    0,
    0,
    0,
    0,
    0,
    0,
    0,
    0
  ],
  "train_accuracies": [
    0,
    0,
    0,
    0,
    0,
    0,
    0,
    0,
    0,
    0,
    0,
    0,
    0,
    0,
    0,
    0,
    0
  ],
  "val_losses": [
    1.4857754283143039,
    1.1793140467695793,
    1.0604741501128703,
    0.9670575201635803,
    0.8985777801433863,
    0.8499202245229096,
    0.8193520993029698,
    0.7802002659338326,
    0.743894939577105,
    0.7304663411924418,
    0.703239250377315,
    0.6776307617735492,
    0.6512502954271375,
    0.6349169894114897,
    0.6175079393628466,
    0.6038965939391812,
    0.5866426291681321
  ],
  "val_accuracies": [
    0.5372944886314428,
    0.5993251897596686,
    0.6298108111262261,
    0.6412891837932173,
    0.660340393786137,
    0.6646709760433765,
    0.6708166069094342,
    0.7156221150401236,
    0.7289853830015806,
    0.728319821304801,
    0.7354321618891738,
    0.7374806177641006,
    0.7415577864181365,
    0.744547505354547,
    0.7491551051828785,
    0.7580318643036843,
    0.7657536084456226
  ]
}