{
  "Benign": {
    "precision": 0.992133726647001,
    "recall": 0.07525086920809093,
    "f1-score": 0.13989132987447572,
    "support": 1971047.0
  },
  "DDoS": {
    "precision": 0.983535723753806,
    "recall": 0.8987526283356931,
    "f1-score": 0.9392347520022809,
    "support": 1700696.0
  },
  "DoS": {
    "precision": 0.984770145422731,
    "recall": 0.9229751758448166,
    "f1-score": 0.9528718409167588,
    "support": 1418296.0
  },
  "scanning": {
    "precision": 0.40983634591377804,
    "recall": 0.7289027967396153,
    "f1-score": 0.5246695183341462,
    "support": 295916.0
  },
  "Reconnaissance": {
    "precision": 0.4190079395189383,
    "recall": 0.8789720437575969,
    "f1-score": 0.5674914400758598,
    "support": 207324.0
  },
  "xss": {
    "precision": 0.5918436813654377,
    "recall": 0.7575689988744405,
    "f1-score": 0.6645297346731245,
    "support": 192793.0
  },
  "password": {
    "precision": 0.868778801843318,
    "recall": 0.33061510807137534,
    "f1-score": 0.478960906983391,
    "support": 91236.0
  },
  "injection": {
    "precision": 0.16495073269327942,
    "recall": 0.8645283504680632,
    "f1-score": 0.2770422190724004,
    "support": 54373.0
  },
  "Bot": {
    "precision": 0.8087832973362131,
    "recall": 0.9994661921708186,
    "f1-score": 0.8940708316752884,
    "support": 11240.0
  },
  "Brute Force": {
    "precision": 0.8689207966651228,
    "recall": 0.9735339906590555,
    "f1-score": 0.9182574645129711,
    "support": 9635.0
  },
  "Infilteration": {
    "precision": 0.005497987479449614,
    "recall": 0.5997791275538377,
    "f1-score": 0.010896093877743459,
    "support": 9055.0
  },
  "Exploits": {
    "precision": 0.015515539613375382,
    "recall": 0.5231331168831169,
    "f1-score": 0.030137242524140188,
    "support": 2464.0
  },
  "Fuzzers": {
    "precision": 0.2640671273445212,
    "recall": 0.29955207166853304,
    "f1-score": 0.28069254984260233,
    "support": 1786.0
  },
  "Backdoor": {
    "precision": 0.16723504721930746,
    "recall": 0.8793103448275862,
    "f1-score": 0.2810227022261406,
    "support": 1450.0
  },
  "Generic": {
    "precision": 0.41784495368113117,
    "recall": 0.6658896658896659,
    "f1-score": 0.5134811264230078,
    "support": 1287.0
  },
  "mitm": {
    "precision": 0.0027695362623453386,
    "recall": 0.7897350993377483,
    "f1-score": 0.005519715335435531,
    "support": 604.0
  },
  "ransomware": {
    "precision": 0.010554758084944693,
    "recall": 0.922509225092251,
    "f1-score": 0.020870726718704345,
    "support": 271.0
  },
  "Theft": {
    "precision": 0.0020173211366561164,
    "recall": 0.9560439560439561,
    "f1-score": 0.0040261468155261175,
    "support": 182.0
  },
  "Analysis": {
    "precision": 0.018570807993049523,
    "recall": 0.9827586206896551,
    "f1-score": 0.036452781922830954,
    "support": 174.0
  },
  "Shellcode": {
    "precision": 0.009362200117027502,
    "recall": 0.975609756097561,
    "f1-score": 0.018546424017619103,
    "support": 82.0
  },
  "Worms": {
    "precision": 0.0,
    "recall": 0.0,
    "f1-score": 0.0,
    "support": 9.0
  },
  "accuracy": 0.6094192216981132,
  "macro avg": {
    "precision": 0.3812379271472112,
    "recall": 0.7154708161054036,
    "f1-score": 0.3599364546583071,
    "support": 5969920.0
  },
  "weighted avg": {
    "precision": 0.9136183111515326,
    "recall": 0.6094192216981132,
    "f1-score": 0.6206093035159013,
    "support": 5969920.0
  },
  "model_info": {
    "status": "SUCCESS",
    "best_val_accuracy": 0.6089640323790281,
    "test_accuracy": 0.6094192216981132
  }
}