{
  "model_type": "gru",
  "train_losses": [
    0,
    0
  ],
  "train_accuracies": [
    0,
    0
  ],
  "val_losses": [
    1.0066262537316033,
    0.8435540148023005
  ],
  "val_accuracies": [
    0.5553936426704985,
    0.6089640323790281
  ]
}