{
  "Benign": {
    "precision": 0.9219554680649354,
    "recall": 0.3704599356136203,
    "f1-score": 0.5285414617712332,
    "support": 3777507.0
  },
  "DDoS": {
    "precision": 0.9928260152747949,
    "recall": 0.8871515436260933,
    "f1-score": 0.9370187722007934,
    "support": 3265007.0
  },
  "DoS": {
    "precision": 0.9833121457379281,
    "recall": 0.9260698357965038,
    "f1-score": 0.9538329429593078,
    "support": 2681977.0
  },
  "scanning": {
    "precision": 0.848793754211938,
    "recall": 0.5613147223680363,
    "f1-score": 0.6757500410872481,
    "support": 567694.0
  },
  "Reconnaissance": {
    "precision": 0.4476803149790347,
    "recall": 0.8724184964837651,
    "f1-score": 0.5917202317099335,
    "support": 395167.0
  },
  "xss": {
    "precision": 0.4190738601013243,
    "recall": 0.7940729070462325,
    "f1-score": 0.5486149036034463,
    "support": 368140.0
  },
  "password": {
    "precision": 0.723970811863424,
    "recall": 0.38228378979475125,
    "f1-score": 0.5003591492321767,
    "support": 173107.0
  },
  "injection": {
    "precision": 0.13839764706688926,
    "recall": 0.7848277202702046,
    "f1-score": 0.2353018313427856,
    "support": 102885.0
  },
  "Bot": {
    "precision": 0.6139316927322908,
    "recall": 0.9990175898203593,
    "f1-score": 0.760505698005698,
    "support": 21376.0
  },
  "Brute Force": {
    "precision": 0.8184298132051044,
    "recall": 0.9561905790838375,
    "f1-score": 0.8819631290483309,
    "support": 18512.0
  },
  "Infilteration": {
    "precision": 0.008064194617092783,
    "recall": 0.4689075630252101,
    "f1-score": 0.015855705437795603,
    "support": 17255.0
  },
  "Exploits": {
    "precision": 0.009230286371893517,
    "recall": 0.4100126742712294,
    "f1-score": 0.018054134499116362,
    "support": 4734.0
  },
  "Fuzzers": {
    "precision": 0.09263845114813148,
    "recall": 0.24198765069097325,
    "f1-score": 0.13398453398453397,
    "support": 3401.0
  },
  "Backdoor": {
    "precision": 0.23371757925072045,
    "recall": 0.881841246828561,
    "f1-score": 0.3695041385071,
    "support": 2759.0
  },
  "Generic": {
    "precision": 0.977751756440281,
    "recall": 0.6725734997986307,
    "f1-score": 0.7969458363159151,
    "support": 2483.0
  },
  "mitm": {
    "precision": 0.008557152403083766,
    "recall": 0.7283531409168081,
    "f1-score": 0.016915570013307703,
    "support": 1178.0
  },
  "ransomware": {
    "precision": 0.00515595977710882,
    "recall": 0.9507874015748031,
    "f1-score": 0.010256301361136474,
    "support": 508.0
  },
  "Theft": {
    "precision": 0.0015943226559082292,
    "recall": 0.9085872576177285,
    "f1-score": 0.0031830599104279178,
    "support": 361.0
  },
  "Analysis": {
    "precision": 0.08259134172551427,
    "recall": 0.7911764705882353,
    "f1-score": 0.14956908534890187,
    "support": 340.0
  },
  "Shellcode": {
    "precision": 0.004777655273796398,
    "recall": 0.9883040935672515,
    "f1-score": 0.009509340535674093,
    "support": 171.0
  },
  "Worms": {
    "precision": 2.03950521603459e-05,
    "recall": 0.2,
    "f1-score": 4.0785945163296726e-05,
    "support": 20.0
  },
  "accuracy": 0.696075752710621,
  "macro avg": {
    "precision": 0.39678431514063606,
    "recall": 0.7036351485134683,
    "f1-score": 0.3874965072771441,
    "support": 11404582.0
  },
  "weighted avg": {
    "precision": 0.9071783114047628,
    "recall": 0.696075752710621,
    "f1-score": 0.752400617228871,
    "support": 11404582.0
  },
  "model_info": {
    "status": "SUCCESS",
    "best_val_accuracy": 0.6962828313424542,
    "test_accuracy": 0.696075752710621
  }
}