{
  "model_type": "gru",
  "train_losses": [
    0,
    0,
    0,
    0,
    0,
    0,
    0,
    0,
    0,
    0
  ],
  "train_accuracies": [
    0,
    0,
    0,
    0,
    0,
    0,
    0,
    0,
    0,
    0
  ],
  "val_losses": [
    1.2036070794315827,
    1.0494286019508727,
    0.9395377058057458,
    0.8307165484693126,
    1.0536299853916582,
    0.9097331782230718,
    0.8203672879709996,
    1.3623290300457358,
    0.9842828245457435,
    0.8307147144917859
  ],
  "val_accuracies": [
    0.559092358114487,
    0.5348255486891506,
    0.6302153252227526,
    0.6469844088333594,
    0.655589853944087,
    0.6292515111584907,
    0.6962828313424542,
    0.6202694555266585,
    0.5922758515877266,
    0.6715134943182441
  ]
}