{
  "Benign": {
    "precision": 0.9276318679870307,
    "recall": 0.3213445388382761,
    "f1-score": 0.4773339723648991,
    "support": 1971174.0
  },
  "DDoS": {
    "precision": 0.9880112695776672,
    "recall": 0.8826326926467996,
    "f1-score": 0.9323538469562367,
    "support": 1701300.0
  },
  "DoS": {
    "precision": 0.9773494028436461,
    "recall": 0.884678815284254,
    "f1-score": 0.9287080651181614,
    "support": 1418872.0
  },
  "scanning": {
    "precision": 0.3922363143476568,
    "recall": 0.7435257716603138,
    "f1-score": 0.5135543999775535,
    "support": 295402.0
  },
  "Reconnaissance": {
    "precision": 0.43989673348617564,
    "recall": 0.8689219395604927,
    "f1-score": 0.5840930156923327,
    "support": 206686.0
  },
  "xss": {
    "precision": 0.44865032066483823,
    "recall": 0.5627741908782385,
    "f1-score": 0.49927368442793185,
    "support": 193296.0
  },
  "password": {
    "precision": 0.42681781130407154,
    "recall": 0.6808484848484848,
    "f1-score": 0.5247036244437651,
    "support": 90750.0
  },
  "injection": {
    "precision": 0.1770803326886234,
    "recall": 0.7149344655713494,
    "f1-score": 0.28385366086054686,
    "support": 54170.0
  },
  "Bot": {
    "precision": 0.7062531203195207,
    "recall": 0.999823305945755,
    "f1-score": 0.8277804191200673,
    "support": 11319.0
  },
  "Brute Force": {
    "precision": 0.7430969563853154,
    "recall": 0.9764972683228533,
    "f1-score": 0.8439574145841685,
    "support": 9701.0
  },
  "Infilteration": {
    "precision": 0.00856418635570107,
    "recall": 0.3086654724585759,
    "f1-score": 0.016665961421049768,
    "support": 8932.0
  },
  "Exploits": {
    "precision": 0.028732846062052505,
    "recall": 0.6241393276630215,
    "f1-score": 0.05493663214559455,
    "support": 2469.0
  },
  "Fuzzers": {
    "precision": 0.30960729312762975,
    "recall": 0.5095210617426428,
    "f1-score": 0.38516902944383863,
    "support": 1733.0
  },
  "Backdoor": {
    "precision": 0.21147014041617324,
    "recall": 0.8796622097114708,
    "f1-score": 0.34097108565193673,
    "support": 1421.0
  },
  "Generic": {
    "precision": 0.9506966773847803,
    "recall": 0.6689291101055806,
    "f1-score": 0.785303231518371,
    "support": 1326.0
  },
  "mitm": {
    "precision": 0.0013569057605469146,
    "recall": 0.8538102643856921,
    "f1-score": 0.00270950547823512,
    "support": 643.0
  },
  "ransomware": {
    "precision": 0.005070086489710707,
    "recall": 0.9732824427480916,
    "f1-score": 0.010087623870087228,
    "support": 262.0
  },
  "Theft": {
    "precision": 0.007162513665322124,
    "recall": 0.979381443298969,
    "f1-score": 0.014221024662250665,
    "support": 194.0
  },
  "Analysis": {
    "precision": 0.023519870235198703,
    "recall": 0.9942857142857143,
    "f1-score": 0.04595272679255249,
    "support": 175.0
  },
  "Shellcode": {
    "precision": 0.01377706208624083,
    "recall": 0.927710843373494,
    "f1-score": 0.027150916784203102,
    "support": 83.0
  },
  "Worms": {
    "precision": 0.022653721682847898,
    "recall": 0.5833333333333334,
    "f1-score": 0.04361370716510903,
    "support": 12.0
  },
  "accuracy": 0.6747468977808748,
  "macro avg": {
    "precision": 0.37188740156527383,
    "recall": 0.7589858426982573,
    "f1-score": 0.38773302611804233,
    "support": 5969920.0
  },
  "weighted avg": {
    "precision": 0.8803224408893907,
    "recall": 0.6747468977808748,
    "f1-score": 0.7197453421355822,
    "support": 5969920.0
  },
  "model_info": {
    "status": "SUCCESS",
    "best_val_accuracy": 0.6742047853929872,
    "test_accuracy": 0.6747468977808748
  }
}