{
  "model_type": "gru",
  "train_losses": [
    0,
    0,
    0,
    0,
    0,
    0,
    0,
    0,
    0,
    0
  ],
  "train_accuracies": [
    0,
    0,
    0,
    0,
    0,
    0,
    0,
    0,
    0,
    0
  ],
  "val_losses": [
    1.3725176096430747,
    1.131586236690157,
    1.0342020507222336,
    0.9800880767812564,
    0.9297431926129587,
    0.893034043112399,
    0.8535064685924989,
    0.8166363996977517,
    0.7791346113140273,
    0.7469970853133316
  ],
  "val_accuracies": [
    0.5341369095070377,
    0.5982677495476857,
    0.6172149792359668,
    0.6464122977901158,
    0.6532914066025651,
    0.6554863123749111,
    0.6664999764399057,
    0.6678688310832492,
    0.6719645143738073,
    0.6742047853929872
  ]
}