{
  "Benign": {
    "precision": 0.9959230362595184,
    "recall": 0.5964896954525829,
    "f1-score": 0.7461103729733981,
    "support": 3777507.0
  },
  "DDoS": {
    "precision": 0.992541280200539,
    "recall": 0.9442129833106024,
    "f1-score": 0.9677741579234523,
    "support": 3265007.0
  },
  "DoS": {
    "precision": 0.9870645254160552,
    "recall": 0.942149392034309,
    "f1-score": 0.9640841112616498,
    "support": 2681977.0
  },
  "scanning": {
    "precision": 0.8744544783952323,
    "recall": 0.9480406697974613,
    "f1-score": 0.9097619933060618,
    "support": 567694.0
  },
  "Reconnaissance": {
    "precision": 0.5515105866599715,
    "recall": 0.9172071554557947,
    "f1-score": 0.6888314097240303,
    "support": 395167.0
  },
  "xss": {
    "precision": 0.7650454149146332,
    "recall": 0.9414896506763731,
    "f1-score": 0.8441459598019935,
    "support": 368140.0
  },
  "password": {
    "precision": 0.7326304856899305,
    "recall": 0.8638934300750403,
    "f1-score": 0.7928658719239507,
    "support": 173107.0
  },
  "injection": {
    "precision": 0.35588258368740733,
    "recall": 0.837712008553239,
    "f1-score": 0.4995450145769215,
    "support": 102885.0
  },
  "Bot": {
    "precision": 0.9251883279937657,
    "recall": 0.9997193113772455,
    "f1-score": 0.9610109277330575,
    "support": 21376.0
  },
  "Brute Force": {
    "precision": 0.9877367787145517,
    "recall": 0.9746110630942092,
    "f1-score": 0.9811300233835445,
    "support": 18512.0
  },
  "Infilteration": {
    "precision": 0.009535551288418896,
    "recall": 0.5652274702984642,
    "f1-score": 0.018754705261913026,
    "support": 17255.0
  },
  "Exploits": {
    "precision": 0.36039279869067103,
    "recall": 0.6977186311787072,
    "f1-score": 0.4752859917979711,
    "support": 4734.0
  },
  "Fuzzers": {
    "precision": 0.2387515200648561,
    "recall": 0.8659217877094972,
    "f1-score": 0.3743009659379766,
    "support": 3401.0
  },
  "Backdoor": {
    "precision": 0.5193169690501601,
    "recall": 0.881841246828561,
    "f1-score": 0.65368081676518,
    "support": 2759.0
  },
  "Generic": {
    "precision": 0.1667252901864228,
    "recall": 0.7635924285138945,
    "f1-score": 0.2736918080115482,
    "support": 2483.0
  },
  "mitm": {
    "precision": 0.005682552708346215,
    "recall": 0.8582342954159593,
    "f1-score": 0.011290349598807311,
    "support": 1178.0
  },
  "ransomware": {
    "precision": 0.06565520945220193,
    "recall": 0.9625984251968503,
    "f1-score": 0.1229260935143288,
    "support": 508.0
  },
  "Theft": {
    "precision": 0.0335195530726257,
    "recall": 0.96398891966759,
    "f1-score": 0.064786372521642,
    "support": 361.0
  },
  "Analysis": {
    "precision": 0.06799037304452467,
    "recall": 0.9970588235294118,
    "f1-score": 0.1273000375516335,
    "support": 340.0
  },
  "Shellcode": {
    "precision": 0.04693366708385482,
    "recall": 0.43859649122807015,
    "f1-score": 0.0847936687394008,
    "support": 171.0
  },
  "Worms": {
    "precision": 0.0,
    "recall": 0.0,
    "f1-score": 0.0,
    "support": 20.0
  },
  "accuracy": 0.8249240524554078,
  "macro avg": {
    "precision": 0.4610705229796994,
    "recall": 0.8076335180663742,
    "f1-score": 0.5029557453480219,
    "support": 11404582.0
  },
  "weighted avg": {
    "precision": 0.9515616560634755,
    "recall": 0.8249240524554078,
    "f1-score": 0.8678222412346271,
    "support": 11404582.0
  },
  "model_info": {
    "model_type": "gru",
    "test_accuracy": 0.8249240524554078,
    "status": "SUCCESS",
    "best_val_accuracy": 0.825028436639009
  }
}