{
  "model_type": "gru",
  "train_losses": [
    0,
    0,
    0,
    0,
    0,
    0,
    0,
    0,
    0,
    0,
    0,
    0,
    0,
    0,
    0,
    0,
    0,
    0,
    0,
    0,
    0,
    0,
    0,
    0,
    0,
    0,
    0,
    0,
    0,
    0,
    0,
    0,
    0,
    0,
    0,
    0,
    0,
    0,
    0,
    0,
    0,
    0,
    0,
    0,
    0,
    0,
    0,
    0,
    0,
    0
  ],
  "train_accuracies": [
    0,
    0,
    0,
    0,
    0,
    0,
    0,
    0,
    0,
    0,
    0,
    0,
    0,
    0,
    0,
    0,
    0,
    0,
    0,
    0,
    0,
    0,
    0,
    0,
    0,
    0,
    0,
    0,
    0,
    0,
    0,
    0,
    0,
    0,
    0,
    0,
    0,
    0,
    0,
    0,
    0,
    0,
    0,
    0,
    0,
    0,
    0,
    0,
    0,
    0
  ],
  "val_losses": [
    0.7140430792252024,
    0.5382048386496298,
    0.5343725805184087,
    0.53750089931483,
    0.5233297746935826,
    0.47927627709721204,
    0.49621861230196607,
    0.5122266032523148,
    0.4910672710766717,
    0.6434561313919118,
    0.4875718993878069,
    0.49755107561506945,
    0.48746014162357004,
    0.5013389299005574,
    0.5002473564775437,
    0.4676469705476204,
    0.47508040114832273,
    0.49497866051127826,
    0.5202893109419078,
    0.46355370804009555,
    0.4795393915003309,
    0.4789422877835788,
    0.4723611342932061,
    0.7986154205760752,
    0.5135650890115531,
    0.49226383753125824,
    0.4898937228420178,
    0.48926252230614403,
    0.43934623425597474,
    0.5321906556291482,
    0.46308718962299006,
    0.46193246319332404,
    0.47179658704829863,
    0.46644609650269253,
    0.4416134204342382,
    0.4571613778095001,
    0.4732348792823203,
    0.43763728469127927,
    0.43840868878642675,
    0.4484613442320076,
    0.44841990910699,
    0.41739179125441916,
    0.42472619146556057,
    0.45000212558087177,
    0.45901738969708167,
    0.3985945031386817,
    0.44771304293968384,
    0.4222761416932886,
    0.44058795017488167,
    0.42913333552040794
  ],
  "val_accuracies": [
    0.7182513689204537,
    0.7723039289023919,
    0.7702989078382635,
    0.7733051232280681,
    0.7861548952040861,
    0.7986543807867562,
    0.7941330363503738,
    0.7834352618184585,
    0.7924499593687088,
    0.7246858632150939,
    0.7883949907290809,
    0.7893824965083238,
    0.7734628047533302,
    0.7919833203306766,
    0.7905991976932343,
    0.7820527186286814,
    0.7844041652140866,
    0.7714418137183628,
    0.7682202669635092,
    0.7811376042007692,
    0.7728558581143553,
    0.7676521922865216,
    0.7901151847308827,
    0.725708029095883,
    0.7764652470181563,
    0.7581221560618894,
    0.7675586538858932,
    0.7808870862516188,
    0.8117491426450958,
    0.7752503007750964,
    0.7899437269120947,
    0.7709129619917326,
    0.7876615127826894,
    0.82389702562803,
    0.7916427738645987,
    0.7941081161760976,
    0.7830665485356809,
    0.8042317614816412,
    0.7842647350840691,
    0.7943603013200058,
    0.7955175099761863,
    0.8086582513110073,
    0.8136843170235765,
    0.7921904034690287,
    0.7758508418763171,
    0.825028436639009,
    0.7931709772279623,
    0.8008770146403391,
    0.7914471855953671,
    0.8017500982109333
  ]
}