{
  "Benign": {
    "precision": 0.9988068727190682,
    "recall": 0.8537674173316887,
    "f1-score": 0.920609520184085,
    "support": 917764.0
  },
  "DDoS": {
    "precision": 0.9944855293124184,
    "recall": 0.9755898573899422,
    "f1-score": 0.9849470759007488,
    "support": 796718.0
  },
  "DoS": {
    "precision": 0.9873275293976349,
    "recall": 0.9545512186849234,
    "f1-score": 0.9706627639426834,
    "support": 654517.0
  },
  "scanning": {
    "precision": 0.9226938328637996,
    "recall": 0.9943095572101723,
    "f1-score": 0.9571639790996507,
    "support": 139005.0
  },
  "Reconnaissance": {
    "precision": 0.9616280289520612,
    "recall": 0.950895172499637,
    "f1-score": 0.9562314849584845,
    "support": 96406.0
  },
  "xss": {
    "precision": 0.9408574667170448,
    "recall": 0.9432894355683312,
    "f1-score": 0.9420718816067654,
    "support": 89754.0
  },
  "password": {
    "precision": 0.9093261308699698,
    "recall": 0.9507130822714221,
    "f1-score": 0.9295591647331787,
    "support": 42141.0
  },
  "injection": {
    "precision": 0.5543078967251127,
    "recall": 0.8440512556036022,
    "f1-score": 0.6691618178958956,
    "support": 25207.0
  },
  "Bot": {
    "precision": 0.9950191570881226,
    "recall": 1.0,
    "f1-score": 0.9975033608603803,
    "support": 5194.0
  },
  "Brute Force": {
    "precision": 0.9946761313220941,
    "recall": 0.972879149490128,
    "f1-score": 0.9836569046835582,
    "support": 4609.0
  },
  "Infilteration": {
    "precision": 0.03161789165375285,
    "recall": 0.9184539241102994,
    "f1-score": 0.061131329610340714,
    "support": 4243.0
  },
  "Exploits": {
    "precision": 0.6342105263157894,
    "recall": 0.8561278863232682,
    "f1-score": 0.7286470143613001,
    "support": 1126.0
  },
  "Fuzzers": {
    "precision": 0.5949470252648736,
    "recall": 0.8957055214723927,
    "f1-score": 0.7149853085210578,
    "support": 815.0
  },
  "Backdoor": {
    "precision": 0.7789855072463768,
    "recall": 0.9097320169252469,
    "f1-score": 0.8392973324658426,
    "support": 709.0
  },
  "Generic": {
    "precision": 0.5180824222035324,
    "recall": 0.9535603715170279,
    "f1-score": 0.6713896457765668,
    "support": 646.0
  },
  "mitm": {
    "precision": 0.01097009248508628,
    "recall": 0.9716312056737588,
    "f1-score": 0.02169523734114573,
    "support": 282.0
  },
  "accuracy": 0.9277311365834562,
  "macro avg": {
    "precision": 0.7392463775710462,
    "recall": 0.9340785670044901,
    "f1-score": 0.7717946138713553,
    "support": 2779136.0
  },
  "weighted avg": {
    "precision": 0.9804830820991215,
    "recall": 0.9277311365834562,
    "f1-score": 0.951082149520668,
    "support": 2779136.0
  },
  "model_info": {
    "status": "SUCCESS",
    "best_val_accuracy": 0.9277460672494875,
    "test_accuracy": 0.9277311365834562
  }
}