{
  "model_type": "gru",
  "train_losses": [
    0,
    0,
    0,
    0,
    0,
    0,
    0,
    0,
    0,
    0,
    0,
    0,
    0,
    0,
    0,
    0,
    0,
    0,
    0,
    0,
    0,
    0,
    0,
    0,
    0,
    0,
    0,
    0,
    0,
    0,
    0,
    0,
    0,
    0,
    0,
    0,
    0,
    0,
    0,
    0,
    0,
    0,
    0,
    0,
    0,
    0,
    0,
    0,
    0,
    0,
    0,
    0,
    0,
    0,
    0,
    0,
    0,
    0,
    0,
    0,
    0,
    0,
    0,
    0,
    0,
    0,
    0,
    0,
    0,
    0,
    0,
    0,
    0,
    0,
    0,
    0,
    0,
    0,
    0,
    0,
    0,
    0,
    0,
    0,
    0,
    0,
    0,
    0,
    0,
    0,
    0,
    0,
    0,
    0,
    0,
    0,
    0,
    0,
    0,
    0
  ],
  "train_accuracies": [
    0,
    0,
    0,
    0,
    0,
    0,
    0,
    0,
    0,
    0,
    0,
    0,
    0,
    0,
    0,
    0,
    0,
    0,
    0,
    0,
    0,
    0,
    0,
    0,
    0,
    0,
    0,
    0,
    0,
    0,
    0,
    0,
    0,
    0,
    0,
    0,
    0,
    0,
    0,
    0,
    0,
    0,
    0,
    0,
    0,
    0,
    0,
    0,
    0,
    0,
    0,
    0,
    0,
    0,
    0,
    0,
    0,
    0,
    0,
    0,
    0,
    0,
    0,
    0,
    0,
    0,
    0,
    0,
    0,
    0,
    0,
    0,
    0,
    0,
    0,
    0,
    0,
    0,
    0,
    0,
    0,
    0,
    0,
    0,
    0,
    0,
    0,
    0,
    0,
    0,
    0,
    0,
    0,
    0,
    0,
    0,
    0,
    0,
    0,
    0
  ],
  "val_losses": [
    0.8208541735859365,
    0.6762120555121112,
    0.5804635613548872,
    0.5031529169129053,
    0.4535011153893311,
    0.4148436275693461,
    0.38001305803114227,
    0.34903846829498036,
    0.3369925719992041,
    0.32988681470027814,
    0.3154587758468254,
    0.3145404602094719,
    0.3008822155292089,
    0.2992261256302661,
    0.29588484584797203,
    0.28758696806560297,
    0.27969095681810147,
    0.26306495233929866,
    0.25402533299445884,
    0.24803694471313636,
    0.23731484036368675,
    0.23966315504736607,
    0.23974003177932035,
    0.23110906749422438,
    0.23425482487445176,
    0.2300540844264953,
    0.2262884353649056,
    0.22417070026517108,
    0.22710930336868893,
    0.22068937118387394,
    0.22337502369473308,
    0.21715311317352723,
    0.21801041135546376,
    0.2142049174723662,
    0.2144912843945537,
    0.21368347791049624,
    0.21451420078514824,
    0.20944713068039916,
    0.21033351056355704,
    0.2087160545082271,
    0.20709790534579103,
    0.2039405345498108,
    0.21166675570105642,
    0.20757579515343333,
    0.20613870450184396,
    0.19998481153904532,
    0.19892471345131024,
    0.20038340540153962,
    0.20234031345496512,
    0.2045441610850913,
    0.20511655597266365,
    0.19703665412724478,
    0.20180858895029435,
    0.20153225959160556,
    0.20182460761971657,
    0.18910326591415713,
    0.19462628073492422,
    0.19550679018220546,
    0.1941706603093763,
    0.19153408475027675,
    0.20033414079781278,
    0.20008367206205677,
    0.19342898431834968,
    0.18929416720336148,
    0.18646639997195924,
    0.18547713080879727,
    0.18909571757566682,
    0.1911967981200682,
    0.18760390284274892,
    0.18620100863884487,
    0.19147950387639218,
    0.1902454089556057,
    0.1861443743023404,
    0.18373366949864442,
    0.18928161153243045,
    0.1868016357035699,
    0.18644873529063438,
    0.19405166683107702,
    0.18581983727337997,
    0.1796194795516073,
    0.1829555472711807,
    0.19531344236139958,
    0.18084007360033105,
    0.17890140070307417,
    0.1951726099516841,
    0.17990101654661986,
    0.18532624096662018,
    0.1875862485207466,
    0.1952527554167188,
    0.18705624486582734,
    0.18744308982015329,
    0.18547935376163976,
    0.18298347971038534,
    0.18302486334755846,
    0.19403553675495214,
    0.1829038605024196,
    0.17712692390923526,
    0.17990858353473307,
    0.18289606472458195,
    0.1799444992309168
  ],
  "val_accuracies": [
    0.6758110756314748,
    0.7227860088252415,
    0.7517735649768338,
    0.7714402354169962,
    0.7877090045000255,
    0.8275806389476194,
    0.8499059565860183,
    0.8695819291321688,
    0.8775446196136308,
    0.8814658083104489,
    0.8890966944264326,
    0.8881333999223713,
    0.8936403344229961,
    0.8939576590951912,
    0.8958068475610361,
    0.8987182312238526,
    0.8995320777420875,
    0.9092486539808757,
    0.9139229622398558,
    0.9148107868274106,
    0.9195131769157885,
    0.9169804591712578,
    0.9173585985552425,
    0.9203683563766683,
    0.918307852144605,
    0.920761765255388,
    0.9206821708201887,
    0.920532898345796,
    0.919883418285255,
    0.9216060630073761,
    0.9191991869608344,
    0.9202867435599809,
    0.9195651283001745,
    0.920292008902993,
    0.920721836404213,
    0.919820936214845,
    0.9189792711343628,
    0.9198192688562244,
    0.9196270838362833,
    0.9202669107679687,
    0.921309360928645,
    0.9207378957003999,
    0.9169024443389621,
    0.919253332238142,
    0.92195480422621,
    0.9211843967878248,
    0.9224507995379486,
    0.9203163172365655,
    0.9201365057727027,
    0.9208936620978407,
    0.9190121795281884,
    0.9225541757724193,
    0.9214097534687422,
    0.92077571841437,
    0.9200329540267983,
    0.9232207681977495,
    0.9218007929431065,
    0.9230012911498623,
    0.9212353828593253,
    0.9224637873840451,
    0.919365045265715,
    0.9215583238973999,
    0.9228382410279213,
    0.9239501059606403,
    0.9247443829540136,
    0.9239362405573752,
    0.9214855744081162,
    0.9212666238945303,
    0.9246113452872415,
    0.9249310393637921,
    0.9222028896377962,
    0.9240569924237857,
    0.924856534760171,
    0.924990976518413,
    0.9223679581412251,
    0.9237004409461506,
    0.9229367029422474,
    0.9224065706566471,
    0.9235190498793842,
    0.9259700670515106,
    0.9230746549291641,
    0.9204722591454401,
    0.9252412558229209,
    0.9258902093491606,
    0.9211582455841981,
    0.924802652750014,
    0.9244792729333551,
    0.9222305326886097,
    0.9190271857557728,
    0.9228300797462526,
    0.9223867378646349,
    0.9238895545160013,
    0.9245590428799881,
    0.9240668210640749,
    0.9204511100176749,
    0.9247726402948452,
    0.9255010127448505,
    0.9249261250436475,
    0.9234594637476307,
    0.9277460672494875
  ]
}