{
  "Benign": {
    "precision": 0.7284411862457673,
    "recall": 0.36321176903179797,
    "f1-score": 0.4847298962785741,
    "support": 3777507.0
  },
  "DDoS": {
    "precision": 0.9924912127882803,
    "recall": 0.8738256916447652,
    "f1-score": 0.9293859134063094,
    "support": 3265007.0
  },
  "DoS": {
    "precision": 0.9864235946559112,
    "recall": 0.9119071490918826,
    "f1-score": 0.9477028499509431,
    "support": 2681977.0
  },
  "scanning": {
    "precision": 0.2805665486357009,
    "recall": 0.0023727571543824665,
    "f1-score": 0.0047057179538685925,
    "support": 567694.0
  },
  "Reconnaissance": {
    "precision": 0.42413742934934767,
    "recall": 0.8778971928323974,
    "f1-score": 0.5719495507377792,
    "support": 395167.0
  },
  "xss": {
    "precision": 0.6048299909278255,
    "recall": 0.5668305535937415,
    "f1-score": 0.585214071073307,
    "support": 368140.0
  },
  "password": {
    "precision": 0.8265891092578317,
    "recall": 0.34067368737254994,
    "f1-score": 0.48249145026426454,
    "support": 173107.0
  },
  "injection": {
    "precision": 0.11764285165573089,
    "recall": 0.863313408174175,
    "f1-score": 0.20706866426001197,
    "support": 102885.0
  },
  "Bot": {
    "precision": 0.2852563246333449,
    "recall": 0.999064371257485,
    "f1-score": 0.4437979260613869,
    "support": 21376.0
  },
  "Brute Force": {
    "precision": 0.4882915076206719,
    "recall": 0.9743409680207433,
    "f1-score": 0.650556347045139,
    "support": 18512.0
  },
  "Infilteration": {
    "precision": 0.008205113138125242,
    "recall": 0.42080556360475224,
    "f1-score": 0.016096369837429104,
    "support": 17255.0
  },
  "Exploits": {
    "precision": 0.008372111326453314,
    "recall": 0.5392902408111534,
    "f1-score": 0.016488253814482927,
    "support": 4734.0
  },
  "Fuzzers": {
    "precision": 0.2740652346857597,
    "recall": 0.6077624228168186,
    "f1-score": 0.37777574705291056,
    "support": 3401.0
  },
  "Backdoor": {
    "precision": 0.12759675208267426,
    "recall": 0.8771293947082276,
    "f1-score": 0.22278481012658227,
    "support": 2759.0
  },
  "Generic": {
    "precision": 0.6713539574126155,
    "recall": 0.6729762384212646,
    "f1-score": 0.672164119066774,
    "support": 2483.0
  },
  "mitm": {
    "precision": 0.0018254040922559619,
    "recall": 0.7954159592529711,
    "f1-score": 0.0036424491096991385,
    "support": 1178.0
  },
  "ransomware": {
    "precision": 0.0027965183346733316,
    "recall": 0.9448818897637795,
    "f1-score": 0.005576532094103979,
    "support": 508.0
  },
  "Theft": {
    "precision": 0.003896413709014764,
    "recall": 0.814404432132964,
    "f1-score": 0.007755721163358174,
    "support": 361.0
  },
  "Analysis": {
    "precision": 0.03601032749014812,
    "recall": 0.7794117647058824,
    "f1-score": 0.06884010910507858,
    "support": 340.0
  },
  "Shellcode": {
    "precision": 0.004846526655896607,
    "recall": 0.45614035087719296,
    "f1-score": 0.009591146633876422,
    "support": 171.0
  },
  "Worms": {
    "precision": 5.1361068310220854e-05,
    "recall": 0.15,
    "f1-score": 0.00010268697586856067,
    "support": 20.0
  },
  "accuracy": 0.6517511119653486,
  "macro avg": {
    "precision": 0.32731854646506375,
    "recall": 0.6586502764413774,
    "f1-score": 0.3194485872386546,
    "support": 11404582.0
  },
  "weighted avg": {
    "precision": 0.8207903028155462,
    "recall": 0.6517511119653486,
    "f1-score": 0.6998663258310897,
    "support": 11404582.0
  },
  "model_info": {
    "status": "SUCCESS",
    "best_val_accuracy": 0.6520407472928487,
    "test_accuracy": 0.6517511119653486
  }
}