{
  "model_type": "gru",
  "train_losses": [
    0,
    0
  ],
  "train_accuracies": [
    0,
    0
  ],
  "val_losses": [
    1.0178721558289916,
    0.9432077210975915
  ],
  "val_accuracies": [
    0.6131676445933884,
    0.6520407472928487
  ]
}