{
  "Benign": {
    "precision": 0.9977414335311945,
    "recall": 0.8890167769403097,
    "f1-score": 0.9402464698813121,
    "support": 3775003.0
  },
  "DDoS": {
    "precision": 0.9942855932187311,
    "recall": 0.9625155238909506,
    "f1-score": 0.9781426536261625,
    "support": 3266739.0
  },
  "DoS": {
    "precision": 0.9870197492208921,
    "recall": 0.9546508641400965,
    "f1-score": 0.9705655017212587,
    "support": 2682609.0
  },
  "scanning": {
    "precision": 0.9248229465864699,
    "recall": 0.9838959381017203,
    "f1-score": 0.9534453165515138,
    "support": 567124.0
  },
  "Reconnaissance": {
    "precision": 0.7419424929383646,
    "recall": 0.9336138346915371,
    "f1-score": 0.8268152667032114,
    "support": 395007.0
  },
  "xss": {
    "precision": 0.9583400466170421,
    "recall": 0.4845727289514561,
    "f1-score": 0.6436777877577817,
    "support": 368244.0
  },
  "password": {
    "precision": 0.8221742872626423,
    "recall": 0.8931135581873167,
    "f1-score": 0.856177002705499,
    "support": 173268.0
  },
  "injection": {
    "precision": 0.42042073794956336,
    "recall": 0.8474192048360847,
    "f1-score": 0.5620151178815691,
    "support": 103224.0
  },
  "Bot": {
    "precision": 0.998362802881467,
    "recall": 1.0,
    "f1-score": 0.999180730788137,
    "support": 21343.0
  },
  "Brute Force": {
    "precision": 0.9655281969817315,
    "recall": 0.9757585487237117,
    "f1-score": 0.9706164164803577,
    "support": 18687.0
  },
  "Infilteration": {
    "precision": 0.037010038795562944,
    "recall": 0.7760476299519121,
    "f1-score": 0.07065071518474411,
    "support": 17468.0
  },
  "Exploits": {
    "precision": 0.5164194243692152,
    "recall": 0.855672268907563,
    "f1-score": 0.6441053214200996,
    "support": 4760.0
  },
  "Fuzzers": {
    "precision": 0.3827205882352941,
    "recall": 0.9372749099639855,
    "f1-score": 0.5435085276714235,
    "support": 3332.0
  },
  "Backdoor": {
    "precision": 0.6927083333333334,
    "recall": 0.8932484977023684,
    "f1-score": 0.7802995213833565,
    "support": 2829.0
  },
  "Generic": {
    "precision": 0.697324414715719,
    "recall": 0.8454987834549879,
    "f1-score": 0.7642961876832844,
    "support": 2466.0
  },
  "mitm": {
    "precision": 0.004697451295464408,
    "recall": 0.6953125,
    "f1-score": 0.009331857633832354,
    "support": 1152.0
  },
  "accuracy": 0.9185502735841652,
  "macro avg": {
    "precision": 0.6963449086207929,
    "recall": 0.87047572302775,
    "f1-score": 0.7195671496920965,
    "support": 11403255.0
  },
  "weighted avg": {
    "precision": 0.9704308705263691,
    "recall": 0.9185502735841652,
    "f1-score": 0.9391008734762893,
    "support": 11403255.0
  },
  "model_info": {
    "status": "SUCCESS",
    "best_val_accuracy": 0.9182981990157494,
    "test_accuracy": 0.9185502735841652
  }
}