{
  "model_type": "gru",
  "train_losses": [
    0,
    0,
    0,
    0,
    0,
    0,
    0,
    0,
    0,
    0,
    0,
    0,
    0,
    0,
    0,
    0,
    0,
    0,
    0,
    0,
    0,
    0,
    0,
    0,
    0,
    0,
    0,
    0,
    0,
    0,
    0,
    0,
    0,
    0,
    0
  ],
  "train_accuracies": [
    0,
    0,
    0,
    0,
    0,
    0,
    0,
    0,
    0,
    0,
    0,
    0,
    0,
    0,
    0,
    0,
    0,
    0,
    0,
    0,
    0,
    0,
    0,
    0,
    0,
    0,
    0,
    0,
    0,
    0,
    0,
    0,
    0,
    0,
    0
  ],
  "val_losses": [
    0.4942708236052203,
    0.30697610546802834,
    0.34845566248062637,
    0.3212337313752459,
    0.3326081287199927,
    0.34489936792653203,
    0.3662617371853578,
    0.2748745322549589,
    0.28518655314306757,
    0.28733419168469265,
    0.2929971070439533,
    0.26987945941023195,
    0.28074598889872365,
    0.2735313088749515,
    0.2971541016914763,
    0.3672507036682575,
    0.3539169754042971,
    0.34432619927436964,
    0.3510137089451976,
    0.39430911196583635,
    0.258145855900893,
    0.3483852285483914,
    0.4804915506418797,
    0.24999764960324,
    0.2667707981800164,
    0.3145513558880522,
    0.34919423270649314,
    0.37165652619105743,
    0.2963657985594086,
    0.2776642909629366,
    0.2870504129362974,
    0.28149229999686964,
    0.2797320027400278,
    0.26024207632102175,
    0.29016674538833676
  ],
  "val_accuracies": [
    0.783333592212698,
    0.8928523758412372,
    0.8974427018791746,
    0.9103146226736727,
    0.8938780646599918,
    0.8711637259287166,
    0.9064244117449092,
    0.8887085508907249,
    0.8964670338190349,
    0.8841833395947037,
    0.8947779995364743,
    0.8918280033582358,
    0.9135264819110457,
    0.9181980697428029,
    0.8890471124464021,
    0.901022257570225,
    0.9022723377570112,
    0.9107960505364112,
    0.8887970964090448,
    0.8824500764308416,
    0.908077992717855,
    0.9110737973802988,
    0.914756641550103,
    0.9182981990157494,
    0.9030816209779691,
    0.9038084138250707,
    0.8853937541974657,
    0.883280245512414,
    0.9011043091654967,
    0.9145095214514023,
    0.9027549941997859,
    0.8903524787348153,
    0.912095010657493,
    0.8877191051830369,
    0.9030078184200829
  ]
}