{
  "Benign": {
    "precision": 0.9992506264725864,
    "recall": 0.8844866344266054,
    "f1-score": 0.9383727146062041,
    "support": 3681548.0
  },
  "DDoS": {
    "precision": 0.9947370828402029,
    "recall": 0.9869754668434912,
    "f1-score": 0.9908410751896851,
    "support": 3173012.0
  },
  "DoS": {
    "precision": 0.9906443253834712,
    "recall": 0.9419421819745789,
    "f1-score": 0.9656795945326972,
    "support": 2606419.0
  },
  "scanning": {
    "precision": 0.9455902073376199,
    "recall": 0.9962866489633411,
    "f1-score": 0.970276663944071,
    "support": 552062.0
  },
  "Reconnaissance": {
    "precision": 0.8895834169679481,
    "recall": 0.973589538159357,
    "f1-score": 0.9296926575674451,
    "support": 386930.0
  },
  "xss": {
    "precision": 0.9429739902190631,
    "recall": 0.9491886302611171,
    "f1-score": 0.9460711045235111,
    "support": 359762.0
  },
  "password": {
    "precision": 0.9194546347381496,
    "recall": 0.9404649348807526,
    "f1-score": 0.9298411149703643,
    "support": 169228.0
  },
  "injection": {
    "precision": 0.7291318057599327,
    "recall": 0.8594536732347461,
    "f1-score": 0.7889471696911522,
    "support": 100892.0
  },
  "Bot": {
    "precision": 0.9997130285058351,
    "recall": 1.0,
    "f1-score": 0.9998564936618034,
    "support": 20902.0
  },
  "Brute Force": {
    "precision": 0.992796113251801,
    "recall": 0.9772964652850311,
    "f1-score": 0.9849853177461355,
    "support": 18191.0
  },
  "Infilteration": {
    "precision": 0.0414417018180731,
    "recall": 0.9747421472105017,
    "f1-score": 0.07950327778348705,
    "support": 17064.0
  },
  "Exploits": {
    "precision": 0.6993687084115339,
    "recall": 0.8924450250381014,
    "f1-score": 0.7841974363879854,
    "support": 4593.0
  },
  "Fuzzers": {
    "precision": 0.6423695221316891,
    "recall": 0.8964351567301783,
    "f1-score": 0.7484284797947403,
    "support": 3254.0
  },
  "Backdoor": {
    "precision": 0.9198078344419808,
    "recall": 0.8975838442120447,
    "f1-score": 0.9085599561963862,
    "support": 2773.0
  },
  "Generic": {
    "precision": 0.5646094503375121,
    "recall": 0.9733998337489609,
    "f1-score": 0.7146780592004882,
    "support": 2406.0
  },
  "mitm": {
    "precision": 0.011090742438130156,
    "recall": 0.9688612099644128,
    "f1-score": 0.021930442837867773,
    "support": 1124.0
  },
  "accuracy": 0.9392098852629152,
  "macro avg": {
    "precision": 0.7676601994409706,
    "recall": 0.9445719619333263,
    "f1-score": 0.7938663474146266,
    "support": 11100160.0
  },
  "weighted avg": {
    "precision": 0.982027407325572,
    "recall": 0.9392098852629152,
    "f1-score": 0.9584319210935073,
    "support": 11100160.0
  },
  "model_info": {
    "status": "SUCCESS",
    "best_val_accuracy": 0.9392274109544935,
    "test_accuracy": 0.9392098852629152
  }
}