{
  "model_type": "lstm",
  "train_losses": [
    0,
    0,
    0,
    0,
    0,
    0,
    0,
    0,
    0,
    0,
    0,
    0,
    0,
    0,
    0,
    0,
    0,
    0,
    0,
    0,
    0,
    0,
    0,
    0,
    0,
    0,
    0,
    0,
    0,
    0,
    0,
    0,
    0,
    0,
    0,
    0,
    0,
    0,
    0,
    0,
    0,
    0,
    0,
    0,
    0,
    0,
    0,
    0,
    0,
    0,
    0,
    0,
    0,
    0,
    0,
    0,
    0,
    0,
    0,
    0,
    0,
    0,
    0,
    0,
    0,
    0,
    0,
    0,
    0,
    0,
    0,
    0,
    0,
    0,
    0,
    0,
    0,
    0,
    0,
    0,
    0,
    0,
    0,
    0,
    0,
    0,
    0,
    0,
    0,
    0,
    0,
    0,
    0,
    0,
    0,
    0,
    0,
    0,
    0,
    0
  ],
  "train_accuracies": [
    0,
    0,
    0,
    0,
    0,
    0,
    0,
    0,
    0,
    0,
    0,
    0,
    0,
    0,
    0,
    0,
    0,
    0,
    0,
    0,
    0,
    0,
    0,
    0,
    0,
    0,
    0,
    0,
    0,
    0,
    0,
    0,
    0,
    0,
    0,
    0,
    0,
    0,
    0,
    0,
    0,
    0,
    0,
    0,
    0,
    0,
    0,
    0,
    0,
    0,
    0,
    0,
    0,
    0,
    0,
    0,
    0,
    0,
    0,
    0,
    0,
    0,
    0,
    0,
    0,
    0,
    0,
    0,
    0,
    0,
    0,
    0,
    0,
    0,
    0,
    0,
    0,
    0,
    0,
    0,
    0,
    0,
    0,
    0,
    0,
    0,
    0,
    0,
    0,
    0,
    0,
    0,
    0,
    0,
    0,
    0,
    0,
    0,
    0,
    0
  ],
  "val_losses": [
    0.3162870221100781,
    0.22626375082252648,
    0.20482651741046293,
    0.2186469381724881,
    0.18636355940473456,
    0.18745051858619535,
    0.18011096932078488,
    0.17551683027581494,
    0.20167917272690222,
    0.16851129889072128,
    0.18234989809507307,
    0.17397770588637457,
    0.1627369106400415,
    0.1729959430689178,
    0.1618092750693402,
    0.17121941454120265,
    0.16502091316593712,
    0.18473908344794368,
    0.17920944814208242,
    0.1631116396704884,
    0.16804411656143373,
    0.16547901740214077,
    0.16337106938854737,
    0.16353439284302781,
    0.1620175073055383,
    0.16044603132231963,
    0.16087050217597404,
    0.15954972308347837,
    0.15882360342304247,
    0.16124415461738184,
    0.15722430097194337,
    0.1567822683559918,
    0.15712962541585276,
    0.15698080775351414,
    0.15706487096492971,
    0.1579843027868084,
    0.1575612664956912,
    0.15643702518911737,
    0.15756484106952637,
    0.15558412961772253,
    0.15680930011965005,
    0.15642876968405733,
    0.15558810392294947,
    0.15609403257975749,
    0.153959559454791,
    0.15709326692041742,
    0.1550207399687137,
    0.15567341357274475,
    0.15445712406543785,
    0.15467256001105814,
    0.15355483126832878,
    0.153257786747614,
    0.15378838628782215,
    0.15322702345383513,
    0.15479465968802034,
    0.15280531155430097,
    0.15263048950108635,
    0.1538396666166705,
    0.15382664776865215,
    0.1542046182525556,
    0.1525675491483891,
    0.15306344820224826,
    0.1537914348228201,
    0.1540846312765636,
    0.15275438517651024,
    0.15247272528038647,
    0.15470696144227308,
    0.15294301066378096,
    0.1530558723968403,
    0.15470146835599052,
    0.15397220440561324,
    0.15143493664716765,
    0.15244195115655673,
    0.15410531837955593,
    0.15274269535320928,
    0.1535246547756057,
    0.15700433047851597,
    0.15279072423505907,
    0.1531243829203213,
    0.15285781497595424,
    0.15268983607822925,
    0.15251410329405035,
    0.1525878122134519,
    0.15256222078876724,
    0.1522918189919381,
    0.15218892335819353,
    0.15238805430215974,
    0.152440895874238,
    0.15252157573783148,
    0.15209584991053396,
    0.1524083773859699,
    0.15227253086792636,
    0.15183296881249342,
    0.1522444615978919,
    0.15259154550016288,
    0.15249690027372245,
    0.15251920276505843,
    0.1520710970883896,
    0.15231228696612326,
    0.15265596676379165
  ],
  "val_accuracies": [
    0.8789538886708159,
    0.9201711692808656,
    0.9227530302268424,
    0.9186629117750533,
    0.929732593412231,
    0.9274127710368224,
    0.9322035311320865,
    0.92166003277325,
    0.914200358060876,
    0.9252358149684751,
    0.9315288651808045,
    0.92371614921947,
    0.9351819601625903,
    0.925442128658832,
    0.9335787509711267,
    0.9267804033410707,
    0.934550031245423,
    0.9247152480560135,
    0.9253911425873317,
    0.9325113781868598,
    0.9351154413292042,
    0.9350832349811137,
    0.9356340776158948,
    0.9359076121853728,
    0.9366437071384625,
    0.9373432079576182,
    0.9371336473057371,
    0.9374137635539802,
    0.9373647081082509,
    0.9362317818034835,
    0.9377706660544828,
    0.9374923049205771,
    0.9378336746591941,
    0.9377134493270848,
    0.9378635116029292,
    0.936803071520295,
    0.9373030158392927,
    0.9378043642497601,
    0.9369741951681878,
    0.9385009691302593,
    0.9375290745659449,
    0.9370986327747067,
    0.9381317808293951,
    0.9376424549521385,
    0.9388202244282254,
    0.9368086001304576,
    0.9379634653644421,
    0.9368028082531443,
    0.9378327971020254,
    0.9375038009194868,
    0.9380893948181478,
    0.9380542925314005,
    0.9382553408787454,
    0.9381987384413655,
    0.9377724211688202,
    0.9384820138954157,
    0.9383851315839933,
    0.9381384502638771,
    0.937816474538688,
    0.9375268806730231,
    0.9392274109544935,
    0.9382887758068721,
    0.9374930947220289,
    0.9378512258025677,
    0.9388733166369306,
    0.938362666120475,
    0.9378277072704471,
    0.9381469625684132,
    0.9382608694889081,
    0.9370016627075675,
    0.9371419840988396,
    0.9383329169324568,
    0.938031388289298,
    0.9373648836196846,
    0.9383079943088662,
    0.9377018655724582,
    0.9370628284422245,
    0.9377262616617476,
    0.9375731279358127,
    0.9377574149412357,
    0.9378148949357843,
    0.9379496877168937,
    0.9379203773074598,
    0.9379935655753278,
    0.9381256379292143,
    0.9380903601310333,
    0.9380467455397499,
    0.9379739960504662,
    0.9379992696969243,
    0.9381899628696786,
    0.9379835614236048,
    0.9380420944867559,
    0.938332127131005,
    0.9381302012264915,
    0.9379479326025564,
    0.9379412631680744,
    0.9379689062188878,
    0.9381687259861966,
    0.9380069044442918,
    0.9377848824806154
  ]
}