{
  "Benign": {
    "precision": 0.68167862584413,
    "recall": 0.1964896425076115,
    "f1-score": 0.30505039711488074,
    "support": 3777507.0
  },
  "DDoS": {
    "precision": 0.9939478004722424,
    "recall": 0.8234579588956471,
    "f1-score": 0.9007061002275721,
    "support": 3265007.0
  },
  "DoS": {
    "precision": 0.9871084362028956,
    "recall": 0.8804210476077908,
    "f1-score": 0.9307173472098609,
    "support": 2681977.0
  },
  "scanning": {
    "precision": 0.00841534731136785,
    "recall": 0.00010392922947926171,
    "f1-score": 0.00020532273079231953,
    "support": 567694.0
  },
  "Reconnaissance": {
    "precision": 0.3433430338304838,
    "recall": 0.8598541882292803,
    "f1-score": 0.49073408785484185,
    "support": 395167.0
  },
  "xss": {
    "precision": 0.2898134903169014,
    "recall": 0.28617645460965935,
    "f1-score": 0.28798348959899406,
    "support": 368140.0
  },
  "password": {
    "precision": 0.3659492038224196,
    "recall": 0.4408949378130289,
    "f1-score": 0.39994130994115273,
    "support": 173107.0
  },
  "injection": {
    "precision": 0.0713726765607214,
    "recall": 0.7721436555377363,
    "f1-score": 0.1306672017790293,
    "support": 102885.0
  },
  "Bot": {
    "precision": 0.6534993559467582,
    "recall": 0.9968188622754491,
    "f1-score": 0.7894483346300619,
    "support": 21376.0
  },
  "Brute Force": {
    "precision": 0.2773346063816681,
    "recall": 0.9728284356093345,
    "f1-score": 0.4316220880069025,
    "support": 18512.0
  },
  "Infilteration": {
    "precision": 0.008273005250553593,
    "recall": 0.24445088380179658,
    "f1-score": 0.01600437103732456,
    "support": 17255.0
  },
  "Exploits": {
    "precision": 0.005379049501425148,
    "recall": 0.6254752851711026,
    "f1-score": 0.010666368877689783,
    "support": 4734.0
  },
  "Fuzzers": {
    "precision": 0.12669994835599932,
    "recall": 0.6492208174066451,
    "f1-score": 0.21202227770309198,
    "support": 3401.0
  },
  "Backdoor": {
    "precision": 0.28881728129848433,
    "recall": 0.8771293947082276,
    "f1-score": 0.4345483928892081,
    "support": 2759.0
  },
  "Generic": {
    "precision": 0.9190974133186571,
    "recall": 0.6725734997986307,
    "f1-score": 0.7767441860465116,
    "support": 2483.0
  },
  "mitm": {
    "precision": 0.0012468691153079694,
    "recall": 0.868421052631579,
    "f1-score": 0.002490162882941654,
    "support": 1178.0
  },
  "ransomware": {
    "precision": 0.0012894283442304293,
    "recall": 0.9192913385826772,
    "f1-score": 0.0025752445655170893,
    "support": 508.0
  },
  "Theft": {
    "precision": 0.0023217271313528075,
    "recall": 0.8808864265927978,
    "f1-score": 0.004631247815449144,
    "support": 361.0
  },
  "Analysis": {
    "precision": 0.028628355704697985,
    "recall": 0.8029411764705883,
    "f1-score": 0.05528554070473876,
    "support": 340.0
  },
  "Shellcode": {
    "precision": 0.00390625,
    "recall": 0.45614035087719296,
    "f1-score": 0.007746164159094295,
    "support": 171.0
  },
  "Worms": {
    "precision": 0.0,
    "recall": 0.0,
    "f1-score": 0.0,
    "support": 20.0
  },
  "accuracy": 0.5653886306398603,
  "macro avg": {
    "precision": 0.2884819954623951,
    "recall": 0.6297961589693456,
    "f1-score": 0.2947518874178884,
    "support": 11404582.0
  },
  "weighted avg": {
    "precision": 0.7723498997795873,
    "recall": 0.5653886306398603,
    "f1-score": 0.6138851989392624,
    "support": 11404582.0
  },
  "model_info": {
    "status": "SUCCESS",
    "best_val_accuracy": 0.5655089520022526,
    "test_accuracy": 0.5653886306398603
  }
}