{
  "Benign": {
    "precision": 0.9955294768247431,
    "recall": 0.8631418306157638,
    "f1-score": 0.924620863967328,
    "support": 3775003.0
  },
  "DDoS": {
    "precision": 0.9931697876220937,
    "recall": 0.9594956927994553,
    "f1-score": 0.976042382063541,
    "support": 3266739.0
  },
  "DoS": {
    "precision": 0.9861174429550564,
    "recall": 0.9450095038076738,
    "f1-score": 0.9651259406071014,
    "support": 2682609.0
  },
  "scanning": {
    "precision": 0.8755356441090938,
    "recall": 0.9820991529189383,
    "f1-score": 0.9257608823925391,
    "support": 567124.0
  },
  "Reconnaissance": {
    "precision": 0.8048560073033759,
    "recall": 0.8838425648153071,
    "f1-score": 0.8425020421608173,
    "support": 395007.0
  },
  "xss": {
    "precision": 0.9422560943319623,
    "recall": 0.5798302212663343,
    "f1-score": 0.7178943192210447,
    "support": 368244.0
  },
  "password": {
    "precision": 0.8044664007834256,
    "recall": 0.8486621880554979,
    "f1-score": 0.8259735153276881,
    "support": 173268.0
  },
  "injection": {
    "precision": 0.383836701221153,
    "recall": 0.8705824226923972,
    "f1-score": 0.5327748579355974,
    "support": 103224.0
  },
  "Bot": {
    "precision": 0.9766579706165042,
    "recall": 0.9998125849224571,
    "f1-score": 0.9880996480829783,
    "support": 21343.0
  },
  "Brute Force": {
    "precision": 0.8939304655274013,
    "recall": 0.9741531545994542,
    "f1-score": 0.9323192747944995,
    "support": 18687.0
  },
  "Infilteration": {
    "precision": 0.034431094817096206,
    "recall": 0.7564689718342111,
    "f1-score": 0.06586433860271303,
    "support": 17468.0
  },
  "Exploits": {
    "precision": 0.2915072122460995,
    "recall": 0.8321428571428572,
    "f1-score": 0.43176367996511883,
    "support": 4760.0
  },
  "Fuzzers": {
    "precision": 0.37908247553691704,
    "recall": 0.8952581032412965,
    "f1-score": 0.5326310150879385,
    "support": 3332.0
  },
  "Backdoor": {
    "precision": 0.5826513911620295,
    "recall": 0.880876634853305,
    "f1-score": 0.7013791162397973,
    "support": 2829.0
  },
  "Generic": {
    "precision": 0.4763287181777579,
    "recall": 0.864963503649635,
    "f1-score": 0.6143433179723502,
    "support": 2466.0
  },
  "mitm": {
    "precision": 0.004164884973916018,
    "recall": 0.8454861111111112,
    "f1-score": 0.008288938437186186,
    "support": 1152.0
  },
  "accuracy": 0.9076094501087628,
  "macro avg": {
    "precision": 0.6515326105130391,
    "recall": 0.8738640936453559,
    "f1-score": 0.68658650830364,
    "support": 11403255.0
  },
  "weighted avg": {
    "precision": 0.967443151380355,
    "recall": 0.9076094501087628,
    "f1-score": 0.9326515834643148,
    "support": 11403255.0
  },
  "model_info": {
    "status": "SUCCESS",
    "best_val_accuracy": 0.9073579570609522,
    "test_accuracy": 0.9076094501087628
  }
}