{
  "model_type": "rnn",
  "train_losses": [
    0,
    0,
    0,
    0,
    0,
    0,
    0,
    0,
    0,
    0,
    0,
    0,
    0,
    0,
    0,
    0,
    0,
    0,
    0,
    0,
    0,
    0,
    0,
    0,
    0,
    0,
    0,
    0,
    0,
    0,
    0,
    0,
    0,
    0,
    0
  ],
  "train_accuracies": [
    0,
    0,
    0,
    0,
    0,
    0,
    0,
    0,
    0,
    0,
    0,
    0,
    0,
    0,
    0,
    0,
    0,
    0,
    0,
    0,
    0,
    0,
    0,
    0,
    0,
    0,
    0,
    0,
    0,
    0,
    0,
    0,
    0,
    0,
    0
  ],
  "val_losses": [
    0.5136403711009483,
    0.4621823273863903,
    0.3249968667982992,
    0.38763303917639313,
    0.38862937978281653,
    0.47074966902002385,
    0.3382119582769094,
    0.34333618775614044,
    0.32525607102413645,
    0.31540348462206874,
    0.3266084611981124,
    0.3529038313623905,
    0.33478726476552456,
    0.3133676890878441,
    0.3145587353898737,
    0.32877076039826836,
    0.30675568769318057,
    0.3247956236119873,
    0.3104524005772163,
    0.2985561036528369,
    0.3230844198052604,
    0.33994356293512534,
    0.3111601545649289,
    0.32559025440830464,
    0.31279303830711025,
    0.30750485223547436,
    0.30004185620202567,
    0.31874677842927523,
    0.3277588752616805,
    0.33611759393039836,
    0.3103524563087941,
    0.3093233664404338,
    0.3220528979774585,
    0.3115997415696979,
    0.30076917415219245
  ],
  "val_accuracies": [
    0.8147276733879648,
    0.851749967464568,
    0.8952737315810623,
    0.8660906556922877,
    0.8679286114263736,
    0.8447854982624807,
    0.8992875025591761,
    0.9067548120189177,
    0.8987648295095096,
    0.9016894642855733,
    0.9003371486886356,
    0.8793312382533488,
    0.8857863732747335,
    0.9006252507071136,
    0.8980315427393596,
    0.8884308040468374,
    0.9070086893078171,
    0.8884219407194337,
    0.8991296300245304,
    0.9073579570609522,
    0.8932729012364693,
    0.8797333349480385,
    0.9019470273145812,
    0.891586324113981,
    0.9042765028188453,
    0.9011534523669428,
    0.9058115258183023,
    0.8959682303243566,
    0.892338215096107,
    0.887095600814689,
    0.901816095785014,
    0.899228355206007,
    0.899933647902476,
    0.9042969499008755,
    0.9026740834288335
  ]
}