{
  "model_type": "rnn",
  "train_losses": [
    0,
    0,
    0,
    0,
    0,
    0,
    0,
    0,
    0,
    0
  ],
  "train_accuracies": [
    0,
    0,
    0,
    0,
    0,
    0,
    0,
    0,
    0,
    0
  ],
  "val_losses": [
    2.697910430444313,
    2.697910430444313,
    2.697910430444313,
    2.697910430444313,
    2.697910430444313,
    2.697910430444313,
    2.697910430444313,
    2.697910430444313,
    2.697910430444313,
    2.697910430444313
  ],
  "val_accuracies": [
    0.03734821880905137,
    0.03734821880905137,
    0.03734821880905137,
    0.03734821880905137,
    0.03734821880905137,
    0.03734821880905137,
    0.03734821880905137,
    0.03734821880905137,
    0.03734821880905137,
    0.03734821880905137
  ]
}