{
  "Benign": {
    "precision": 0.9958505037184994,
    "recall": 0.5437715932756709,
    "f1-score": 0.7034391311070386,
    "support": 3777507.0
  },
  "DDoS": {
    "precision": 0.9930284583560982,
    "recall": 0.9418926207508896,
    "f1-score": 0.9667848339870444,
    "support": 3265007.0
  },
  "DoS": {
    "precision": 0.9859138388308587,
    "recall": 0.9452870028341034,
    "f1-score": 0.9651730857341584,
    "support": 2681977.0
  },
  "scanning": {
    "precision": 0.8898545694926459,
    "recall": 0.9484880939379313,
    "f1-score": 0.9182362801992506,
    "support": 567694.0
  },
  "Reconnaissance": {
    "precision": 0.5549792610476422,
    "recall": 0.9179283695247832,
    "f1-score": 0.6917354457801916,
    "support": 395167.0
  },
  "xss": {
    "precision": 0.657589870963202,
    "recall": 0.6853642635953713,
    "f1-score": 0.6711898583321473,
    "support": 368140.0
  },
  "password": {
    "precision": 0.6285704369555409,
    "recall": 0.7323620650811348,
    "f1-score": 0.6765084125315504,
    "support": 173107.0
  },
  "injection": {
    "precision": 0.2542146812041503,
    "recall": 0.6372551878310735,
    "f1-score": 0.36344385838971377,
    "support": 102885.0
  },
  "Bot": {
    "precision": 0.9348511383537653,
    "recall": 0.998877245508982,
    "f1-score": 0.9658042337615342,
    "support": 21376.0
  },
  "Brute Force": {
    "precision": 0.983817359559745,
    "recall": 0.9753673292999135,
    "f1-score": 0.9795741217957412,
    "support": 18512.0
  },
  "Infilteration": {
    "precision": 0.008193844018588374,
    "recall": 0.7034482758620689,
    "f1-score": 0.016199000274253958,
    "support": 17255.0
  },
  "Exploits": {
    "precision": 0.1910759907313885,
    "recall": 0.679340937896071,
    "f1-score": 0.29826107118015305,
    "support": 4734.0
  },
  "Fuzzers": {
    "precision": 0.32319185794716326,
    "recall": 0.8776830344016465,
    "f1-score": 0.4724222521167999,
    "support": 3401.0
  },
  "Backdoor": {
    "precision": 0.9137931034482759,
    "recall": 0.883653497644074,
    "f1-score": 0.898470609913396,
    "support": 2759.0
  },
  "Generic": {
    "precision": 0.7710064635272391,
    "recall": 0.6725734997986307,
    "f1-score": 0.7184340718434071,
    "support": 2483.0
  },
  "mitm": {
    "precision": 0.059787669957161484,
    "recall": 0.27249575551782684,
    "f1-score": 0.09806018023522224,
    "support": 1178.0
  },
  "ransomware": {
    "precision": 0.17287630402384502,
    "recall": 0.9133858267716536,
    "f1-score": 0.2907268170426065,
    "support": 508.0
  },
  "Theft": {
    "precision": 0.04183366733466934,
    "recall": 0.925207756232687,
    "f1-score": 0.08004793289394847,
    "support": 361.0
  },
  "Analysis": {
    "precision": 0.12964774951076322,
    "recall": 0.7794117647058824,
    "f1-score": 0.22231543624161074,
    "support": 340.0
  },
  "Shellcode": {
    "precision": 0.4696969696969697,
    "recall": 0.18128654970760233,
    "f1-score": 0.2616033755274262,
    "support": 171.0
  },
  "Worms": {
    "precision": 0.0,
    "recall": 0.0,
    "f1-score": 0.0,
    "support": 20.0
  },
  "accuracy": 0.7956216194508487,
  "macro avg": {
    "precision": 0.5218939875561054,
    "recall": 0.724527650960857,
    "f1-score": 0.5361157147089141,
    "support": 11404582.0
  },
  "weighted avg": {
    "precision": 0.9465383418335663,
    "recall": 0.7956216194508487,
    "f1-score": 0.8457435026405048,
    "support": 11404582.0
  },
  "model_info": {
    "model_type": "gru",
    "test_accuracy": 0.7956216194508487,
    "status": "SUCCESS",
    "best_val_accuracy": 0.7958219046401452
  }
}