{
  "model_type": "gru",
  "train_losses": [
    0,
    0,
    0,
    0,
    0
  ],
  "train_accuracies": [
    0,
    0,
    0,
    0,
    0
  ],
  "val_losses": [
    0.8122184436462668,
    0.5027399879908895,
    0.4542888912853478,
    0.40624507445532926,
    0.38716248505439754
  ],
  "val_accuracies": [
    0.675727987172077,
    0.761502525054208,
    0.7789842028031861,
    0.786620481277008,
    0.7958219046401452
  ]
}