{
  "Benign": {
    "precision": 0.9874555387204843,
    "recall": 0.4854884451570838,
    "f1-score": 0.6509388807755316,
    "support": 3777507.0
  },
  "DDoS": {
    "precision": 0.990098346979338,
    "recall": 0.905817353530942,
    "f1-score": 0.9460845375717921,
    "support": 3265007.0
  },
  "DoS": {
    "precision": 0.9842358246644999,
    "recall": 0.9364860325051259,
    "f1-score": 0.9597673906285615,
    "support": 2681977.0
  },
  "scanning": {
    "precision": 0.8887938451939479,
    "recall": 0.9334500628859914,
    "f1-score": 0.9105747776247497,
    "support": 567694.0
  },
  "Reconnaissance": {
    "precision": 0.5362796255123493,
    "recall": 0.8972712802435426,
    "f1-score": 0.671323640088343,
    "support": 395167.0
  },
  "xss": {
    "precision": 0.586861407660431,
    "recall": 0.7443689900581301,
    "f1-score": 0.6562972631528528,
    "support": 368140.0
  },
  "password": {
    "precision": 0.639020903724056,
    "recall": 0.3976904457936421,
    "f1-score": 0.49026666524236306,
    "support": 173107.0
  },
  "injection": {
    "precision": 0.17254317854096332,
    "recall": 0.8827331486611265,
    "f1-score": 0.28866293945452176,
    "support": 102885.0
  },
  "Bot": {
    "precision": 0.8595333869670153,
    "recall": 0.999625748502994,
    "f1-score": 0.924301410156588,
    "support": 21376.0
  },
  "Brute Force": {
    "precision": 0.8260829704331881,
    "recall": 0.9734766637856526,
    "f1-score": 0.8937436456964317,
    "support": 18512.0
  },
  "Infilteration": {
    "precision": 0.008152312402726977,
    "recall": 0.48206317009562444,
    "f1-score": 0.016033477932764637,
    "support": 17255.0
  },
  "Exploits": {
    "precision": 0.025240284162139574,
    "recall": 0.5741444866920152,
    "f1-score": 0.04835481546713634,
    "support": 4734.0
  },
  "Fuzzers": {
    "precision": 0.24997611997325436,
    "recall": 0.7694795648338724,
    "f1-score": 0.3773612112472963,
    "support": 3401.0
  },
  "Backdoor": {
    "precision": 0.7005470774546502,
    "recall": 0.881841246828561,
    "f1-score": 0.7808087291399229,
    "support": 2759.0
  },
  "Generic": {
    "precision": 0.9840989399293286,
    "recall": 0.6729762384212646,
    "f1-score": 0.7993303037550825,
    "support": 2483.0
  },
  "mitm": {
    "precision": 0.002552884015120724,
    "recall": 0.8157894736842105,
    "f1-score": 0.005089840181136872,
    "support": 1178.0
  },
  "ransomware": {
    "precision": 0.01638001638001638,
    "recall": 0.9448818897637795,
    "f1-score": 0.03220179793371797,
    "support": 508.0
  },
  "Theft": {
    "precision": 0.011683733422863858,
    "recall": 0.96398891966759,
    "f1-score": 0.023087640151263848,
    "support": 361.0
  },
  "Analysis": {
    "precision": 0.07325924245860739,
    "recall": 0.95,
    "f1-score": 0.13602863760791745,
    "support": 340.0
  },
  "Shellcode": {
    "precision": 0.007853673659191897,
    "recall": 0.4444444444444444,
    "f1-score": 0.015434606011372868,
    "support": 171.0
  },
  "Worms": {
    "precision": 9.952229299363058e-05,
    "recall": 0.05,
    "f1-score": 0.0001986491855383393,
    "support": 20.0
  },
  "accuracy": 0.7611489838031766,
  "macro avg": {
    "precision": 0.45479756354986506,
    "recall": 0.7479056002645521,
    "f1-score": 0.4583757551907089,
    "support": 11404582.0
  },
  "weighted avg": {
    "precision": 0.9384466323329099,
    "recall": 0.7611489838031766,
    "f1-score": 0.8156960963027519,
    "support": 11404582.0
  },
  "model_info": {
    "status": "SUCCESS",
    "best_val_accuracy": 0.7614511930050826,
    "test_accuracy": 0.7611489838031766
  }
}