{
  "model_type": "gru",
  "train_losses": [
    0,
    0,
    0,
    0,
    0,
    0,
    0,
    0,
    0,
    0,
    0,
    0,
    0,
    0,
    0,
    0,
    0,
    0,
    0,
    0,
    0,
    0,
    0,
    0,
    0,
    0,
    0,
    0,
    0,
    0,
    0,
    0,
    0,
    0,
    0,
    0,
    0,
    0,
    0,
    0,
    0,
    0,
    0,
    0,
    0,
    0,
    0,
    0,
    0,
    0,
    0,
    0,
    0,
    0,
    0,
    0,
    0,
    0,
    0,
    0,
    0,
    0,
    0,
    0,
    0,
    0,
    0,
    0,
    0,
    0,
    0,
    0,
    0,
    0,
    0,
    0,
    0,
    0,
    0,
    0,
    0,
    0,
    0,
    0,
    0,
    0,
    0,
    0,
    0,
    0,
    0,
    0,
    0,
    0,
    0,
    0,
    0,
    0,
    0,
    0
  ],
  "train_accuracies": [
    0,
    0,
    0,
    0,
    0,
    0,
    0,
    0,
    0,
    0,
    0,
    0,
    0,
    0,
    0,
    0,
    0,
    0,
    0,
    0,
    0,
    0,
    0,
    0,
    0,
    0,
    0,
    0,
    0,
    0,
    0,
    0,
    0,
    0,
    0,
    0,
    0,
    0,
    0,
    0,
    0,
    0,
    0,
    0,
    0,
    0,
    0,
    0,
    0,
    0,
    0,
    0,
    0,
    0,
    0,
    0,
    0,
    0,
    0,
    0,
    0,
    0,
    0,
    0,
    0,
    0,
    0,
    0,
    0,
    0,
    0,
    0,
    0,
    0,
    0,
    0,
    0,
    0,
    0,
    0,
    0,
    0,
    0,
    0,
    0,
    0,
    0,
    0,
    0,
    0,
    0,
    0,
    0,
    0,
    0,
    0,
    0,
    0,
    0,
    0
  ],
  "val_losses": [
    1.1363206643069772,
    1.0589828992598544,
    0.8559503207442876,
    1.1358721106591654,
    0.8494067193000232,
    0.8007490790836493,
    1.2049018776633829,
    0.8288422379112955,
    0.8562318888497873,
    0.8713291295573606,
    0.8328962952658987,
    0.7212853753819956,
    0.8940501232313548,
    0.7151191282714053,
    0.8680470069705675,
    0.6444764484743334,
    0.9858067728386141,
    1.0118362918168322,
    0.7916156441048028,
    0.9753859622954317,
    0.8921744177967282,
    0.6868643328835764,
    1.3014427721982158,
    0.8349695472159634,
    0.9235326548272073,
    0.8496894287121671,
    0.8866023638904192,
    0.7219586121292536,
    0.7418354739860198,
    0.8169916893786656,
    0.7403231592356654,
    1.044492381104048,
    0.8474105953833908,
    0.6807207920929389,
    0.7781154380921625,
    1.1437200614391823,
    0.8669033929614822,
    1.00736037014829,
    0.7646854620254945,
    0.7948516505208604,
    0.8467988790614354,
    0.7520081521820381,
    1.0690215325350136,
    1.2514795500320923,
    0.7078390873904369,
    0.7477701110089037,
    1.1071822026412892,
    0.6197492647520372,
    0.6694578574072041,
    0.7384248591443889,
    0.7319125302621182,
    0.6210844256132427,
    0.8296337264683681,
    0.9402089725780555,
    1.138647386668631,
    1.3544201001029754,
    0.7964344497495083,
    1.0200716342122258,
    0.6778083411359052,
    1.0733680429821115,
    0.7921027416727661,
    0.7568229855077234,
    0.7293342628060463,
    0.9311332583999177,
    0.8780435292083881,
    0.9843610699224195,
    0.6979115505639426,
    0.8573513893332205,
    0.8478672298222403,
    0.7755973284829026,
    0.7815608133791115,
    0.657440869874514,
    0.9919623903464845,
    0.7605248785601284,
    1.1073261515177946,
    1.0206971354045364,
    1.0105716115948766,
    0.6543449255581958,
    1.1672358811362191,
    0.6271770156417709,
    0.9214805448445516,
    0.6635809355774333,
    1.2016119157825675,
    0.8234891750495339,
    0.8176058916407931,
    0.8638946156298006,
    0.7410648705922805,
    0.68831825089297,
    0.6911612760417883,
    0.9077587332721351,
    0.634831503799548,
    0.8233060356034231,
    1.2836393429037862,
    0.7471935327034316,
    0.758139953418058,
    0.6485186575773803,
    0.6751880643318162,
    0.7910358953257457,
    1.3592396205898862,
    0.8679834154834363
  ],
  "val_accuracies": [
    0.6295283532353977,
    0.6182722439537647,
    0.6611665326622319,
    0.6082611781679267,
    0.60581435049295,
    0.6587314630976532,
    0.6154775868040306,
    0.6504247090898705,
    0.665505450893261,
    0.5969232885960631,
    0.695819702188123,
    0.7198169525452317,
    0.6841758385046351,
    0.6815636075602544,
    0.6858743589745839,
    0.7278566921504698,
    0.691752448955542,
    0.6953176133247119,
    0.6797147763208153,
    0.6645819127444667,
    0.6697133627151548,
    0.7160805935985513,
    0.6716613481691438,
    0.6464818812344858,
    0.6251033551066044,
    0.6918611676031767,
    0.6999972535160041,
    0.7051844228904436,
    0.6803584012444643,
    0.7299564800745219,
    0.6808789169973051,
    0.6491070110014672,
    0.678954447764112,
    0.6873053385594332,
    0.7167341339436553,
    0.7164777369393059,
    0.6669214257252889,
    0.6858603194397804,
    0.6558295790008573,
    0.6258093682130366,
    0.6752302856632921,
    0.7077964783406393,
    0.6878788535561571,
    0.6635911603228005,
    0.7398088113699874,
    0.6726239337741103,
    0.6729435086850756,
    0.7552874862379654,
    0.7097520977916777,
    0.6926323767993529,
    0.6599665911719932,
    0.7406418822663916,
    0.6310308467006522,
    0.7031305266957806,
    0.686404526907602,
    0.6665486760762553,
    0.6384127463532527,
    0.6272701818093432,
    0.6881031351246434,
    0.5074223071887068,
    0.714296607460486,
    0.7285776222626308,
    0.7158098938181208,
    0.672831455647925,
    0.6125639445968367,
    0.6454385683043988,
    0.6837692184778881,
    0.67357862214075,
    0.6700506625388094,
    0.6856178742231421,
    0.6406989968489142,
    0.7483258074114528,
    0.6645805087909863,
    0.6977966441826442,
    0.6250214870692813,
    0.6139391170308419,
    0.6178903686071088,
    0.7294883493359169,
    0.7187158142811727,
    0.7614511930050826,
    0.6357523422550775,
    0.751700385095665,
    0.6978237580342335,
    0.6725359234403108,
    0.6909175353701948,
    0.680705791983759,
    0.6969418120072945,
    0.7224919226607656,
    0.7272962514705316,
    0.6493182182531677,
    0.734339271851812,
    0.6346097873633482,
    0.6301289820837109,
    0.6591450151447095,
    0.6689644412804793,
    0.6944982309747412,
    0.7077185589224797,
    0.648655639957534,
    0.6297241169988143,
    0.6810588862840677
  ]
}